,TransactionID,ProductID,Quantity,SalePrice,PurchasePrice
0,1,1124,5,13.38,9.91
1,2,1146,14,26.88,25.6
2,3,1128,8,15.89,13.24
3,4,1101,8,2.9,2.42
4,5,1112,2,7.23,4.82
5,6,1133,12,17.21,16.39
6,7,1110,10,9.83,8.94
7,8,1105,3,4.29,2.96
8,9,1124,2,14.87,9.91
9,10,1125,9,17.8,14.83
10,11,1122,1,20.41,13.17
11,12,1148,12,3.14,2.99
12,13,1134,21,21.18,20.17
13,14,1115,9,7.73,6.72
14,15,1150,2,3.0,2.0
15,16,1121,3,13.88,9.57
16,17,1112,16,5.06,4.82
17,18,1146,6,33.28,25.6
18,19,1141,3,41.69,28.75
19,20,1128,5,17.87,13.24
20,21,1139,2,37.5,25.0
21,22,1138,4,43.65,31.18
22,23,1139,11,26.25,25.0
23,24,1100,24,2.1,2.0
24,25,1112,7,6.03,4.82
25,26,1139,4,35.0,25.0
26,27,1145,5,30.21,22.38
27,28,1115,9,7.73,6.72
28,29,1110,11,9.39,8.94
29,30,1139,10,27.5,25.0
30,31,1125,9,17.8,14.83
31,32,1121,5,12.92,9.57
32,33,1147,19,5.52,5.26
33,34,1121,10,10.53,9.57
34,35,1131,17,18.01,17.15
35,36,1129,10,22.49,20.45
36,37,1103,7,5.01,4.01
37,38,1110,10,9.83,8.94
38,39,1108,10,2.78,2.53
39,40,1122,10,14.49,13.17
40,41,1119,23,21.14,20.13
41,42,1132,4,18.06,12.9
42,43,1123,1,23.79,15.35
43,44,1137,17,2.21,2.1
44,45,1124,4,13.87,9.91
45,46,1138,8,37.42,31.18
46,47,1133,8,19.67,16.39
47,48,1104,4,3.44,2.46
48,49,1119,20,21.14,20.13
49,50,1125,4,17.8,14.83
50,51,1123,4,21.49,15.35
51,52,1149,10,36.96,33.6
52,53,1110,2,13.41,8.94
53,54,1126,11,8.7,8.29
54,55,1112,2,7.23,4.82
55,56,1121,10,10.53,9.57
56,57,1105,12,3.11,2.96
57,58,1105,10,3.26,2.96
58,59,1106,7,4.72,3.78
59,60,1129,10,22.49,20.45
60,61,1121,7,11.96,9.57
61,62,1125,3,17.8,14.83
62,63,1110,2,13.41,8.94
63,64,1113,7,16.0,12.8
64,65,1113,11,13.44,12.8
65,66,1148,10,3.29,2.99
66,67,1128,5,17.87,13.24
67,68,1105,12,3.11,2.96
68,69,1125,8,17.8,14.83
69,70,1125,8,17.8,14.83
70,71,1139,7,31.25,25.0
71,72,1131,7,21.44,17.15
72,73,1143,10,14.49,13.17
73,74,1120,7,10.12,8.1
74,75,1125,5,17.8,14.83
75,76,1147,28,5.52,5.26
76,77,1113,4,17.92,12.8
77,78,1122,1,20.41,13.17
78,79,1146,2,38.4,25.6
79,80,1122,5,17.78,13.17
80,81,1125,6,17.8,14.83
81,82,1101,4,3.39,2.42
82,83,1110,8,10.73,8.94
83,84,1110,6,11.62,8.94
84,85,1124,3,14.37,9.91
85,86,1108,5,3.42,2.53
86,87,1101,2,3.63,2.42
87,88,1125,1,17.8,14.83
88,89,1126,3,12.02,8.29
89,90,1150,11,2.1,2.0
90,91,1107,8,3.59,2.99
91,92,1112,11,5.06,4.82
92,93,1136,8,25.73,21.44
93,94,1146,11,26.88,25.6
94,95,1146,10,28.16,25.6
95,96,1128,8,15.89,13.24
96,97,1101,2,3.63,2.42
97,98,1128,10,14.56,13.24
98,99,1148,9,3.44,2.99
99,100,1125,5,17.8,14.83
100,101,1136,4,30.02,21.44
101,102,1111,10,6.35,5.77
102,103,1112,7,6.03,4.82
103,104,1118,11,8.67,8.26
104,105,1146,12,26.88,25.6
105,106,1112,6,6.27,4.82
106,107,1122,5,17.78,13.17
107,108,1108,11,2.66,2.53
108,109,1113,10,14.08,12.8
109,110,1115,11,7.06,6.72
110,111,1115,12,7.06,6.72
111,112,1117,2,21.11,14.07
112,113,1132,1,20.0,12.9
113,114,1124,13,10.41,9.91
114,115,1138,10,34.3,31.18
115,116,1137,5,2.83,2.1
116,117,1112,10,5.3,4.82
117,118,1119,15,21.14,20.13
118,119,1135,5,42.63,31.58
119,120,1133,9,18.85,16.39
120,121,1146,13,26.88,25.6
121,122,1140,7,34.95,27.96
122,123,1125,1,17.8,14.83
123,124,1105,7,3.7,2.96
124,125,1101,7,3.02,2.42
125,126,1143,5,17.78,13.17
126,127,1148,2,4.49,2.99
127,128,1115,11,7.06,6.72
128,129,1128,18,13.9,13.24
129,130,1118,9,9.5,8.26
130,131,1132,6,16.77,12.9
131,132,1112,2,7.23,4.82
132,133,1134,21,21.18,20.17
133,134,1128,4,18.54,13.24
134,135,1143,14,13.83,13.17
135,136,1143,7,16.46,13.17
136,137,1150,4,2.8,2.0
137,138,1105,6,3.85,2.96
138,139,1118,10,9.09,8.26
139,140,1124,10,10.9,9.91
140,141,1145,3,32.45,22.38
141,142,1128,18,13.9,13.24
142,143,1138,8,37.42,31.18
143,144,1105,4,4.14,2.96
144,145,1145,7,27.97,22.38
145,146,1119,5,27.18,20.13
146,147,1103,6,5.21,4.01
147,148,1104,10,2.71,2.46
148,149,1111,13,6.06,5.77
149,150,1148,12,3.14,2.99
150,151,1103,1,6.22,4.01
151,152,1120,2,12.15,8.1
152,153,1105,5,4.0,2.96
153,154,1134,22,21.18,20.17
154,155,1114,2,6.95,4.63
155,156,1122,4,18.44,13.17
156,157,1119,12,21.14,20.13
157,158,1144,9,4.36,3.79
158,159,1108,1,3.92,2.53
159,160,1138,5,42.09,31.18
160,161,1131,9,19.72,17.15
161,162,1115,4,9.41,6.72
162,163,1112,16,5.06,4.82
163,164,1120,6,10.53,8.1
164,165,1129,6,26.59,20.45
165,166,1136,5,28.94,21.44
166,167,1131,1,26.58,17.15
167,168,1108,5,3.42,2.53
168,169,1134,5,27.23,20.17
169,170,1110,11,9.39,8.94
170,171,1140,4,39.14,27.96
171,172,1120,2,12.15,8.1
172,173,1139,13,26.25,25.0
173,174,1129,6,26.59,20.45
174,175,1140,4,39.14,27.96
175,176,1109,22,11.26,10.72
176,177,1141,8,34.5,28.75
177,178,1126,8,9.95,8.29
178,179,1132,11,13.54,12.9
179,180,1100,13,2.1,2.0
180,181,1143,7,16.46,13.17
181,182,1120,3,11.75,8.1
182,183,1101,10,2.66,2.42
183,184,1105,3,4.29,2.96
184,185,1146,10,28.16,25.6
185,186,1112,13,5.06,4.82
186,187,1111,11,6.06,5.77
187,188,1136,10,23.58,21.44
188,189,1146,18,26.88,25.6
189,190,1128,17,13.9,13.24
190,191,1124,11,10.41,9.91
191,192,1139,8,30.0,25.0
192,193,1125,1,17.8,14.83
193,194,1132,3,18.7,12.9
194,195,1127,6,16.39,12.61
195,196,1115,12,7.06,6.72
196,197,1134,9,23.2,20.17
197,198,1124,3,14.37,9.91
198,199,1141,12,30.19,28.75
199,200,1135,8,37.9,31.58
200,201,1118,9,9.5,8.26
201,202,1112,19,5.06,4.82
202,203,1145,9,25.74,22.38
203,204,1135,7,39.47,31.58
204,205,1134,20,21.18,20.17
205,206,1146,8,30.72,25.6
206,207,1126,8,9.95,8.29
207,208,1135,3,45.79,31.58
208,209,1132,3,18.7,12.9
209,210,1120,4,11.34,8.1
210,211,1125,3,17.8,14.83
211,212,1127,8,15.13,12.61
212,213,1100,31,2.1,2.0
213,214,1115,12,7.06,6.72
214,215,1125,6,17.8,14.83
215,216,1136,2,32.16,21.44
216,217,1100,12,2.1,2.0
217,218,1104,11,2.58,2.46
218,219,1101,2,3.63,2.42
219,220,1112,2,7.23,4.82
220,221,1125,3,17.8,14.83
221,222,1114,8,5.56,4.63
222,223,1127,15,13.24,12.61
223,224,1136,9,24.66,21.44
224,225,1112,12,5.06,4.82
225,226,1128,12,13.9,13.24
226,227,1113,11,13.44,12.8
227,228,1115,12,7.06,6.72
228,229,1103,4,5.61,4.01
229,230,1110,6,11.62,8.94
231,231,1148,11,3.14,2.99
232,232,1119,25,21.14,20.13
233,233,1101,11,2.54,2.42
234,234,1147,26,5.52,5.26
235,235,1100,12,2.1,2.0
236,236,1112,8,5.78,4.82
237,237,1110,6,11.62,8.94
238,238,1119,6,26.17,20.13
239,239,1139,4,35.0,25.0
240,240,1136,7,26.8,21.44
241,241,1126,11,8.7,8.29
242,242,1109,13,11.26,10.72
243,243,1123,12,16.12,15.35
244,244,1124,9,11.4,9.91
245,245,1131,4,24.01,17.15
246,246,1115,6,8.74,6.72
247,247,1147,23,5.52,5.26
248,248,1138,9,35.86,31.18
249,249,1148,5,4.04,2.99
250,250,1112,14,5.06,4.82
251,251,1139,6,32.5,25.0
252,252,1128,7,16.55,13.24
253,253,1126,6,10.78,8.29
254,254,1122,5,17.78,13.17
255,255,1148,3,4.34,2.99
256,256,1103,7,5.01,4.01
257,257,1126,2,12.43,8.29
258,258,1131,7,21.44,17.15
259,259,1105,3,4.29,2.96
260,260,1132,2,19.35,12.9
261,261,1147,12,5.52,5.26
262,262,1141,5,38.81,28.75
263,263,1149,4,47.04,33.6
264,264,1134,5,27.23,20.17
265,265,1137,2,3.15,2.1
266,266,1112,8,5.78,4.82
267,267,1116,4,20.43,14.59
268,268,1138,12,32.74,31.18
269,269,1115,9,7.73,6.72
270,270,1110,2,13.41,8.94
271,271,1124,3,14.37,9.91
272,272,1126,9,9.53,8.29
274,273,1108,5,3.42,2.53
275,274,1138,16,32.74,31.18
276,275,1132,2,19.35,12.9
277,276,1145,12,23.5,22.38
278,277,1121,3,13.88,9.57
279,278,1134,5,27.23,20.17
280,279,1138,1,48.33,31.18
281,280,1129,8,24.54,20.45
282,281,1133,6,21.31,16.39
283,282,1100,18,2.1,2.0
284,283,1144,1,5.87,3.79
285,284,1145,3,32.45,22.38
286,285,1128,15,13.9,13.24
287,286,1114,9,5.32,4.63
288,287,1122,9,15.15,13.17
289,288,1146,10,28.16,25.6
290,289,1103,11,4.21,4.01
291,290,1134,5,27.23,20.17
292,291,1105,8,3.55,2.96
293,292,1115,12,7.06,6.72
294,293,1110,5,12.07,8.94
295,294,1108,12,2.66,2.53
296,295,1104,9,2.83,2.46
297,296,1100,17,2.1,2.0
298,297,1140,9,32.15,27.96
299,298,1126,5,11.19,8.29
300,299,1143,4,18.44,13.17
301,300,1141,6,37.38,28.75
302,301,1124,6,12.88,9.91
303,302,1129,8,24.54,20.45
304,303,1105,10,3.26,2.96
305,304,1137,11,2.21,2.1
306,305,1121,14,10.05,9.57
307,306,1105,12,3.11,2.96
308,307,1103,5,5.41,4.01
309,308,1122,5,17.78,13.17
310,309,1103,6,5.21,4.01
311,310,1115,6,8.74,6.72
312,311,1105,6,3.85,2.96
313,312,1148,2,4.49,2.99
314,313,1101,1,3.75,2.42
315,314,1101,1,3.75,2.42
316,315,1105,12,3.11,2.96
317,316,1138,5,42.09,31.18
318,317,1101,4,3.39,2.42
319,318,1124,5,13.38,9.91
320,319,1119,17,21.14,20.13
321,320,1132,5,17.41,12.9
322,321,1149,4,47.04,33.6
323,322,1145,4,31.33,22.38
324,323,1120,8,9.72,8.1
325,324,1132,3,18.7,12.9
326,325,1137,1,3.25,2.1
327,326,1146,15,26.88,25.6
328,327,1150,21,2.1,2.0
329,328,1142,7,54.39,43.51
330,329,1117,9,16.18,14.07
331,330,1122,1,20.41,13.17
332,331,1123,3,22.26,15.35
333,332,1103,12,4.21,4.01
334,333,1138,3,45.21,31.18
335,334,1110,6,11.62,8.94
336,335,1119,19,21.14,20.13
337,336,1105,9,3.4,2.96
338,337,1112,19,5.06,4.82
339,338,1122,3,19.1,13.17
340,339,1130,13,29.81,28.39
341,340,1122,8,15.8,13.17
342,341,1122,1,20.41,13.17
343,342,1126,7,10.36,8.29
344,343,1100,12,2.1,2.0
345,344,1120,7,10.12,8.1
346,345,1132,4,18.06,12.9
347,346,1101,8,2.9,2.42
348,347,1119,23,21.14,20.13
349,348,1135,8,37.9,31.58
350,349,1103,5,5.41,4.01
351,350,1121,14,10.05,9.57
352,351,1134,18,21.18,20.17
353,352,1114,9,5.32,4.63
354,353,1115,2,10.08,6.72
355,354,1128,17,13.9,13.24
356,355,1128,8,15.89,13.24
357,356,1121,2,14.36,9.57
358,357,1125,6,17.8,14.83
359,358,1138,12,32.74,31.18
360,359,1124,14,10.41,9.91
361,360,1125,9,17.8,14.83
362,361,1103,11,4.21,4.01
363,362,1110,5,12.07,8.94
364,363,1130,19,29.81,28.39
365,364,1148,9,3.44,2.99
366,365,1138,6,40.53,31.18
367,366,1134,21,21.18,20.17
368,367,1140,1,43.34,27.96
369,368,1137,20,2.21,2.1
370,369,1145,11,23.5,22.38
371,370,1128,14,13.9,13.24
372,371,1143,6,17.12,13.17
373,372,1101,4,3.39,2.42
374,373,1128,19,13.9,13.24
375,374,1126,6,10.78,8.29
376,375,1111,8,6.92,5.77
377,376,1124,1,15.36,9.91
378,377,1146,7,32.0,25.6
379,378,1134,14,21.18,20.17
380,379,1125,7,17.8,14.83
381,380,1122,10,14.49,13.17
382,381,1132,10,14.19,12.9
384,383,1149,1,52.08,33.6
385,384,1140,4,39.14,27.96
386,385,1118,5,11.15,8.26
387,386,1146,2,38.4,25.6
388,387,1101,7,3.02,2.42
389,388,1107,4,4.19,2.99
390,389,1103,9,4.61,4.01
391,390,1119,23,21.14,20.13
392,391,1113,1,19.84,12.8
393,392,1103,5,5.41,4.01
394,393,1117,3,20.4,14.07
395,394,1123,8,18.42,15.35
396,395,1137,19,2.21,2.1
397,396,1138,14,32.74,31.18
398,397,1133,4,22.95,16.39
399,398,1120,5,10.93,8.1
400,399,1148,11,3.14,2.99
401,400,1100,2,3.0,2.0
402,401,1132,1,20.0,12.9
403,402,1132,12,13.54,12.9
404,403,1129,5,27.61,20.45
405,404,1100,21,2.1,2.0
406,405,1112,2,7.23,4.82
407,406,1113,10,14.08,12.8
408,407,1113,6,16.64,12.8
409,408,1103,6,5.21,4.01
410,409,1115,8,8.06,6.72
411,410,1132,12,13.54,12.9
412,411,1104,12,2.58,2.46
413,412,1141,4,40.25,28.75
414,413,1143,4,18.44,13.17
415,414,1138,2,46.77,31.18
416,415,1114,4,6.48,4.63
417,416,1117,14,14.77,14.07
418,417,1117,8,16.88,14.07
419,418,1110,2,13.41,8.94
420,419,1139,4,35.0,25.0
421,420,1131,1,26.58,17.15
422,421,1146,17,26.88,25.6
423,422,1142,5,58.74,43.51
424,423,1124,4,13.87,9.91
425,424,1134,14,21.18,20.17
426,425,1112,5,6.51,4.82
427,426,1150,13,2.1,2.0
428,427,1121,14,10.05,9.57
429,428,1139,10,27.5,25.0
430,429,1117,17,14.77,14.07
431,430,1130,15,29.81,28.39
432,431,1145,9,25.74,22.38
433,432,1140,7,34.95,27.96
434,433,1138,13,32.74,31.18
435,434,1132,3,18.7,12.9
436,435,1137,17,2.21,2.1
437,436,1105,5,4.0,2.96
438,437,1134,7,25.21,20.17
439,438,1123,2,23.02,15.35
440,439,1121,4,13.4,9.57
441,440,1100,22,2.1,2.0
442,441,1104,6,3.2,2.46
443,442,1138,3,45.21,31.18
444,443,1147,22,5.52,5.26
445,444,1140,2,41.94,27.96
446,445,1148,6,3.89,2.99
447,446,1108,11,2.66,2.53
448,447,1103,6,5.21,4.01
449,448,1110,2,13.41,8.94
450,449,1125,5,17.8,14.83
451,450,1121,9,11.01,9.57
452,451,1103,10,4.41,4.01
453,452,1112,1,7.47,4.82
454,453,1148,8,3.59,2.99
455,454,1136,5,28.94,21.44
456,455,1121,10,10.53,9.57
457,456,1146,6,33.28,25.6
458,457,1128,8,15.89,13.24
459,458,1125,6,17.8,14.83
460,459,1129,1,31.7,20.45
461,460,1143,14,13.83,13.17
462,461,1112,17,5.06,4.82
463,462,1100,24,2.1,2.0
464,463,1106,8,4.54,3.78
465,464,1124,9,11.4,9.91
466,465,1101,3,3.51,2.42
467,466,1103,10,4.41,4.01
468,467,1141,5,38.81,28.75
469,468,1135,5,42.63,31.58
470,469,1104,4,3.44,2.46
472,471,1101,10,2.66,2.42
473,472,1129,7,25.56,20.45
474,473,1110,9,10.28,8.94
475,474,1126,1,12.85,8.29
476,475,1112,18,5.06,4.82
477,476,1112,14,5.06,4.82
478,477,1126,5,11.19,8.29
479,478,1112,2,7.23,4.82
480,479,1143,6,17.12,13.17
481,480,1124,1,15.36,9.91
482,481,1120,2,12.15,8.1
483,482,1102,9,2.97,2.58
484,483,1121,11,10.05,9.57
485,484,1134,10,22.19,20.17
486,485,1119,20,21.14,20.13
487,486,1121,12,10.05,9.57
488,487,1113,6,16.64,12.8
489,488,1148,21,3.14,2.99
490,489,1124,6,12.88,9.91
491,490,1129,5,27.61,20.45
492,491,1124,4,13.87,9.91
493,492,1139,12,26.25,25.0
494,493,1141,2,43.12,28.75
495,494,1134,4,28.24,20.17
496,495,1115,11,7.06,6.72
497,496,1100,6,2.6,2.0
498,497,1132,6,16.77,12.9
499,498,1101,10,2.66,2.42
500,499,1138,13,32.74,31.18
501,500,1134,9,23.2,20.17
502,501,1114,5,6.25,4.63
503,502,1141,7,35.94,28.75
504,503,1132,4,18.06,12.9
505,504,1112,12,5.06,4.82
506,505,1145,5,30.21,22.38
507,506,1133,2,24.59,16.39
508,507,1146,5,34.56,25.6
509,508,1125,1,17.8,14.83
510,509,1112,19,5.06,4.82
511,510,1132,12,13.54,12.9
512,511,1110,11,9.39,8.94
513,512,1145,1,34.69,22.38
514,513,1128,17,13.9,13.24
515,514,1134,9,23.2,20.17
516,515,1120,8,9.72,8.1
517,516,1146,1,39.68,25.6
518,517,1125,10,17.8,14.83
519,518,1126,4,11.61,8.29
520,519,1132,12,13.54,12.9
521,520,1128,19,13.9,13.24
522,521,1102,11,2.71,2.58
523,522,1145,12,23.5,22.38
524,523,1125,7,17.8,14.83
525,524,1133,12,17.21,16.39
526,525,1119,12,21.14,20.13
527,526,1138,2,46.77,31.18
528,527,1105,10,3.26,2.96
529,528,1105,7,3.7,2.96
530,529,1105,2,4.44,2.96
531,530,1131,11,18.01,17.15
532,531,1141,2,43.12,28.75
533,532,1121,7,11.96,9.57
534,533,1134,2,30.26,20.17
535,534,1140,3,40.54,27.96
536,535,1141,3,41.69,28.75
537,536,1133,8,19.67,16.39
538,537,1140,2,41.94,27.96
539,538,1122,9,15.15,13.17
540,539,1138,15,32.74,31.18
541,540,1103,5,5.41,4.01
542,541,1145,12,23.5,22.38
543,542,1132,1,20.0,12.9
544,543,1113,10,14.08,12.8
545,544,1126,1,12.85,8.29
546,545,1126,11,8.7,8.29
547,546,1115,6,8.74,6.72
548,547,1123,8,18.42,15.35
549,548,1122,7,16.46,13.17
550,549,1121,13,10.05,9.57
551,550,1133,8,19.67,16.39
552,551,1125,6,17.8,14.83
553,552,1132,10,14.19,12.9
554,553,1146,12,26.88,25.6
555,554,1120,10,8.91,8.1
556,555,1128,20,13.9,13.24
557,556,1114,11,4.86,4.63
558,557,1138,15,32.74,31.18
559,558,1110,9,10.28,8.94
560,559,1105,3,4.29,2.96
561,560,1129,10,22.49,20.45
562,561,1138,1,48.33,31.18
563,562,1112,1,7.47,4.82
564,563,1108,7,3.16,2.53
565,564,1137,8,2.52,2.1
566,565,1105,12,3.11,2.96
567,566,1103,9,4.61,4.01
568,567,1129,8,24.54,20.45
569,568,1137,12,2.21,2.1
570,569,1128,14,13.9,13.24
571,570,1129,2,30.68,20.45
572,571,1128,12,13.9,13.24
573,572,1109,7,13.4,10.72
574,573,1103,8,4.81,4.01
575,574,1100,3,2.9,2.0
576,575,1132,6,16.77,12.9
577,576,1132,3,18.7,12.9
578,577,1100,19,2.1,2.0
579,578,1123,12,16.12,15.35
580,579,1146,16,26.88,25.6
581,580,1132,10,14.19,12.9
582,581,1140,7,34.95,27.96
583,582,1103,9,4.61,4.01
584,583,1135,2,47.37,31.58
585,584,1133,7,20.49,16.39
586,585,1138,11,32.74,31.18
587,586,1100,19,2.1,2.0
588,587,1103,6,5.21,4.01
589,588,1100,13,2.1,2.0
590,589,1133,8,19.67,16.39
591,590,1143,14,13.83,13.17
592,591,1111,19,6.06,5.77
593,592,1125,7,17.8,14.83
594,593,1121,1,14.83,9.57
595,594,1110,9,10.28,8.94
596,595,1107,9,3.44,2.99
597,596,1125,9,17.8,14.83
598,597,1140,9,32.15,27.96
599,598,1126,8,9.95,8.29
600,599,1140,10,30.76,27.96
601,600,1100,27,2.1,2.0
602,601,1136,3,31.09,21.44
603,602,1122,5,17.78,13.17
604,603,1136,5,28.94,21.44
605,604,1145,7,27.97,22.38
606,605,1117,2,21.11,14.07
607,606,1114,10,5.09,4.63
608,607,1129,6,26.59,20.45
609,608,1112,8,5.78,4.82
610,609,1146,3,37.12,25.6
611,610,1134,24,21.18,20.17
612,611,1115,5,9.07,6.72
613,612,1148,18,3.14,2.99
614,613,1143,7,16.46,13.17
615,614,1129,1,31.7,20.45
616,615,1145,7,27.97,22.38
617,616,1138,10,34.3,31.18
618,617,1101,8,2.9,2.42
619,618,1105,7,3.7,2.96
620,619,1131,3,24.87,17.15
621,620,1125,8,17.8,14.83
622,621,1115,12,7.06,6.72
623,622,1140,2,41.94,27.96
624,623,1100,18,2.1,2.0
625,624,1131,18,18.01,17.15
626,625,1115,10,7.39,6.72
627,626,1119,13,21.14,20.13
628,627,1101,5,3.27,2.42
629,628,1110,8,10.73,8.94
630,629,1136,5,28.94,21.44
631,630,1135,10,34.74,31.58
632,631,1146,17,26.88,25.6
633,632,1100,27,2.1,2.0
634,633,1141,9,33.06,28.75
635,634,1103,1,6.22,4.01
636,635,1110,11,9.39,8.94
637,636,1108,5,3.42,2.53
638,637,1119,11,21.14,20.13
639,638,1134,8,24.2,20.17
641,640,1139,2,37.5,25.0
642,641,1103,2,6.01,4.01
643,642,1128,1,20.52,13.24
644,643,1103,2,6.01,4.01
645,644,1103,3,5.81,4.01
646,645,1135,7,39.47,31.58
647,646,1141,11,30.19,28.75
648,647,1132,7,16.12,12.9
649,648,1140,8,33.55,27.96
650,649,1148,15,3.14,2.99
651,650,1125,2,17.8,14.83
652,651,1143,4,18.44,13.17
653,652,1103,11,4.21,4.01
654,653,1134,2,30.26,20.17
655,654,1126,2,12.43,8.29
656,655,1120,4,11.34,8.1
657,656,1124,8,11.89,9.91
658,657,1134,19,21.18,20.17
659,658,1124,6,12.88,9.91
660,659,1119,25,21.14,20.13
661,660,1112,11,5.06,4.82
662,661,1137,2,3.15,2.1
663,662,1112,15,5.06,4.82
664,663,1136,10,23.58,21.44
665,664,1100,14,2.1,2.0
666,665,1122,9,15.15,13.17
667,666,1136,10,23.58,21.44
668,667,1112,17,5.06,4.82
669,668,1120,2,12.15,8.1
670,669,1142,7,54.39,43.51
671,670,1140,4,39.14,27.96
672,671,1112,14,5.06,4.82
673,672,1140,11,29.36,27.96
674,673,1103,11,4.21,4.01
675,674,1140,10,30.76,27.96
676,675,1117,8,16.88,14.07
677,676,1136,7,26.8,21.44
678,677,1131,4,24.01,17.15
679,678,1146,17,26.88,25.6
680,679,1103,12,4.21,4.01
681,680,1122,5,17.78,13.17
682,681,1135,3,45.79,31.58
683,682,1115,9,7.73,6.72
684,683,1136,5,28.94,21.44
685,684,1122,4,18.44,13.17
686,685,1129,1,31.7,20.45
687,686,1129,2,30.68,20.45
688,687,1123,4,21.49,15.35
689,688,1134,13,21.18,20.17
690,689,1124,12,10.41,9.91
691,690,1128,6,17.21,13.24
692,691,1110,11,9.39,8.94
693,692,1137,3,3.04,2.1
694,693,1115,8,8.06,6.72
695,694,1113,2,19.2,12.8
696,695,1120,9,9.31,8.1
697,696,1110,10,9.83,8.94
698,697,1135,10,34.74,31.58
699,698,1116,9,16.78,14.59
700,699,1110,4,12.52,8.94
701,700,1103,8,4.81,4.01
702,701,1140,11,29.36,27.96
703,702,1128,13,13.9,13.24
704,703,1132,4,18.06,12.9
705,704,1132,12,13.54,12.9
706,705,1137,1,3.25,2.1
707,706,1133,10,18.03,16.39
708,707,1141,1,44.56,28.75
709,708,1138,2,46.77,31.18
710,709,1103,10,4.41,4.01
711,710,1117,15,14.77,14.07
712,711,1125,4,17.8,14.83
713,712,1132,5,17.41,12.9
714,713,1109,10,11.79,10.72
715,714,1125,7,17.8,14.83
716,715,1148,13,3.14,2.99
717,716,1140,8,33.55,27.96
718,717,1125,7,17.8,14.83
719,718,1143,4,18.44,13.17
720,719,1135,11,33.16,31.58
721,720,1105,6,3.85,2.96
722,721,1147,25,5.52,5.26
723,722,1120,8,9.72,8.1
724,723,1145,1,34.69,22.38
725,724,1116,13,15.32,14.59
726,725,1101,5,3.27,2.42
727,726,1143,8,15.8,13.17
728,727,1128,1,20.52,13.24
729,728,1138,10,34.3,31.18
730,729,1117,12,14.77,14.07
731,730,1114,2,6.95,4.63
732,731,1134,12,21.18,20.17
733,732,1134,19,21.18,20.17
734,733,1101,3,3.51,2.42
735,734,1110,4,12.52,8.94
736,735,1112,1,7.47,4.82
737,736,1148,11,3.14,2.99
738,737,1129,5,27.61,20.45
739,738,1133,10,18.03,16.39
740,739,1139,2,37.5,25.0
741,740,1110,8,10.73,8.94
742,741,1128,20,13.9,13.24
743,742,1124,13,10.41,9.91
744,743,1137,9,2.42,2.1
745,744,1124,5,13.38,9.91
746,745,1117,5,18.99,14.07
747,746,1141,7,35.94,28.75
748,747,1137,16,2.21,2.1
749,748,1124,1,15.36,9.91
750,749,1113,3,18.56,12.8
751,750,1126,9,9.53,8.29
752,751,1122,6,17.12,13.17
753,752,1113,9,14.72,12.8
754,753,1142,4,60.91,43.51
755,754,1119,17,21.14,20.13
756,755,1136,5,28.94,21.44
757,756,1103,7,5.01,4.01
758,757,1122,7,16.46,13.17
759,758,1129,1,31.7,20.45
760,759,1121,8,11.48,9.57
761,760,1114,11,4.86,4.63
762,761,1117,13,14.77,14.07
763,762,1122,8,15.8,13.17
764,763,1125,8,17.8,14.83
765,764,1104,9,2.83,2.46
766,765,1135,7,39.47,31.58
767,766,1100,12,2.1,2.0
768,767,1128,15,13.9,13.24
769,768,1104,1,3.81,2.46
770,769,1126,9,9.53,8.29
771,770,1126,11,8.7,8.29
772,771,1103,7,5.01,4.01
773,772,1123,4,21.49,15.35
774,773,1136,4,30.02,21.44
775,774,1110,8,10.73,8.94
776,775,1148,19,3.14,2.99
777,776,1103,11,4.21,4.01
778,777,1105,10,3.26,2.96
779,778,1114,8,5.56,4.63
780,779,1128,9,15.23,13.24
781,780,1133,10,18.03,16.39
782,781,1147,9,6.05,5.26
783,782,1145,1,34.69,22.38
784,783,1150,11,2.1,2.0
785,784,1110,11,9.39,8.94
786,785,1141,11,30.19,28.75
787,786,1120,6,10.53,8.1
788,787,1122,3,19.1,13.17
789,788,1119,17,21.14,20.13
790,789,1114,6,6.02,4.63
791,790,1115,1,10.42,6.72
792,791,1117,14,14.77,14.07
793,792,1122,3,19.1,13.17
794,793,1111,16,6.06,5.77
795,794,1118,13,8.67,8.26
796,795,1108,1,3.92,2.53
797,796,1102,3,3.74,2.58
798,797,1132,7,16.12,12.9
799,798,1140,11,29.36,27.96
800,799,1121,11,10.05,9.57
801,800,1101,2,3.63,2.42
802,801,1105,11,3.11,2.96
803,802,1127,6,16.39,12.61
804,803,1120,10,8.91,8.1
805,804,1114,1,7.18,4.63
806,805,1101,3,3.51,2.42
807,806,1141,5,38.81,28.75
808,807,1129,8,24.54,20.45
809,808,1104,3,3.57,2.46
810,809,1122,6,17.12,13.17
811,810,1120,2,12.15,8.1
812,811,1131,10,18.86,17.15
813,812,1125,4,17.8,14.83
814,813,1136,1,33.23,21.44
815,814,1132,10,14.19,12.9
816,815,1126,7,10.36,8.29
817,816,1135,3,45.79,31.58
818,817,1107,10,3.29,2.99
819,818,1120,1,12.55,8.1
820,819,1113,11,13.44,12.8
821,820,1126,4,11.61,8.29
822,821,1103,8,4.81,4.01
823,822,1110,7,11.17,8.94
824,823,1110,8,10.73,8.94
825,824,1136,7,26.8,21.44
826,825,1147,5,7.1,5.26
827,826,1113,7,16.0,12.8
828,827,1142,5,58.74,43.51
829,828,1148,10,3.29,2.99
830,829,1138,10,34.3,31.18
831,830,1140,7,34.95,27.96
832,831,1140,4,39.14,27.96
833,832,1111,5,7.79,5.77
834,833,1120,9,9.31,8.1
835,834,1145,6,29.09,22.38
836,835,1131,18,18.01,17.15
837,836,1134,8,24.2,20.17
838,837,1145,7,27.97,22.38
839,838,1145,3,32.45,22.38
840,839,1126,6,10.78,8.29
841,840,1145,2,33.57,22.38
842,841,1110,4,12.52,8.94
843,842,1141,11,30.19,28.75
844,843,1139,4,35.0,25.0
845,844,1135,3,45.79,31.58
846,845,1146,15,26.88,25.6
847,846,1102,11,2.71,2.58
848,847,1124,7,12.39,9.91
849,848,1140,5,37.75,27.96
850,849,1120,1,12.55,8.1
851,850,1126,8,9.95,8.29
852,851,1113,8,15.36,12.8
853,852,1138,11,32.74,31.18
854,853,1142,6,56.56,43.51
855,854,1112,5,6.51,4.82
856,855,1110,7,11.17,8.94
857,856,1135,7,39.47,31.58
858,857,1146,7,32.0,25.6
859,858,1128,3,19.2,13.24
860,859,1100,12,2.1,2.0
861,860,1125,3,17.8,14.83
862,861,1147,14,5.52,5.26
863,862,1123,1,23.79,15.35
864,863,1102,9,2.97,2.58
865,864,1117,11,14.77,14.07
866,865,1102,7,3.23,2.58
867,866,1146,6,33.28,25.6
868,867,1133,3,23.77,16.39
869,868,1101,5,3.27,2.42
870,869,1137,3,3.04,2.1
871,870,1139,5,33.75,25.0
872,871,1116,12,15.32,14.59
873,872,1122,2,19.75,13.17
874,873,1126,1,12.85,8.29
875,874,1145,11,23.5,22.38
876,875,1117,10,15.48,14.07
877,876,1100,6,2.6,2.0
878,877,1115,2,10.08,6.72
879,878,1137,21,2.21,2.1
880,879,1115,9,7.73,6.72
881,880,1129,3,29.65,20.45
882,881,1127,11,13.24,12.61
883,882,1129,1,31.7,20.45
884,883,1132,12,13.54,12.9
885,884,1147,14,5.52,5.26
886,885,1122,7,16.46,13.17
887,886,1134,17,21.18,20.17
888,887,1120,3,11.75,8.1
889,888,1132,11,13.54,12.9
890,889,1139,9,28.75,25.0
891,890,1119,8,24.16,20.13
892,891,1125,3,17.8,14.83
893,892,1129,3,29.65,20.45
894,893,1129,4,28.63,20.45
895,894,1126,1,12.85,8.29
896,895,1109,21,11.26,10.72
897,896,1101,6,3.15,2.42
898,897,1125,5,17.8,14.83
899,898,1132,5,17.41,12.9
900,899,1120,8,9.72,8.1
901,900,1120,5,10.93,8.1
902,901,1112,13,5.06,4.82
903,902,1101,7,3.02,2.42
904,903,1108,3,3.67,2.53
905,904,1115,7,8.4,6.72
906,905,1126,4,11.61,8.29
907,906,1128,7,16.55,13.24
908,907,1122,4,18.44,13.17
909,908,1120,5,10.93,8.1
910,909,1134,10,22.19,20.17
911,910,1129,1,31.7,20.45
912,911,1134,14,21.18,20.17
913,912,1143,3,19.1,13.17
914,913,1103,9,4.61,4.01
915,914,1138,3,45.21,31.18
916,915,1110,8,10.73,8.94
917,916,1107,3,4.34,2.99
918,917,1124,8,11.89,9.91
919,918,1148,16,3.14,2.99
920,919,1112,14,5.06,4.82
921,920,1102,9,2.97,2.58
922,921,1134,8,24.2,20.17
923,922,1134,18,21.18,20.17
924,923,1114,9,5.32,4.63
925,924,1125,6,17.8,14.83
926,925,1150,21,2.1,2.0
927,926,1123,11,16.12,15.35
928,927,1143,13,13.83,13.17
929,928,1129,6,26.59,20.45
930,929,1134,4,28.24,20.17
931,930,1125,8,17.8,14.83
932,931,1107,7,3.74,2.99
933,932,1133,2,24.59,16.39
934,933,1148,6,3.89,2.99
935,934,1122,10,14.49,13.17
936,935,1130,20,29.81,28.39
937,936,1104,4,3.44,2.46
938,937,1105,8,3.55,2.96
939,938,1103,4,5.61,4.01
940,939,1140,5,37.75,27.96
941,940,1137,12,2.21,2.1
942,941,1115,3,9.74,6.72
943,942,1103,2,6.01,4.01
944,943,1103,1,6.22,4.01
945,944,1105,8,3.55,2.96
946,945,1145,6,29.09,22.38
947,946,1125,8,17.8,14.83
948,947,1135,11,33.16,31.58
949,948,1105,1,4.59,2.96
950,949,1143,8,15.8,13.17
951,950,1114,2,6.95,4.63
952,951,1112,19,5.06,4.82
953,952,1102,6,3.35,2.58
954,953,1119,19,21.14,20.13
955,954,1116,9,16.78,14.59
956,955,1125,3,17.8,14.83
957,956,1113,3,18.56,12.8
958,957,1110,4,12.52,8.94
959,958,1122,9,15.15,13.17
960,959,1135,9,36.32,31.58
961,960,1103,2,6.01,4.01
962,961,1110,3,12.96,8.94
963,962,1103,2,6.01,4.01
964,963,1121,11,10.05,9.57
965,964,1128,14,13.9,13.24
966,965,1121,3,13.88,9.57
967,966,1132,10,14.19,12.9
968,967,1140,3,40.54,27.96
969,968,1100,25,2.1,2.0
970,969,1105,9,3.4,2.96
971,970,1149,1,52.08,33.6
972,971,1132,3,18.7,12.9
973,972,1135,5,42.63,31.58
974,973,1122,10,14.49,13.17
975,974,1113,4,17.92,12.8
976,975,1117,15,14.77,14.07
977,976,1103,9,4.61,4.01
978,977,1132,12,13.54,12.9
979,978,1115,5,9.07,6.72
980,979,1115,6,8.74,6.72
981,980,1124,1,15.36,9.91
982,981,1126,4,11.61,8.29
983,982,1135,1,48.95,31.58
984,983,1140,11,29.36,27.96
985,984,1101,4,3.39,2.42
986,985,1136,9,24.66,21.44
987,986,1129,6,26.59,20.45
988,987,1140,5,37.75,27.96
989,988,1103,2,6.01,4.01
990,989,1120,5,10.93,8.1
991,990,1124,4,13.87,9.91
992,991,1134,17,21.18,20.17
993,992,1129,3,29.65,20.45
994,993,1122,1,20.41,13.17
995,994,1110,10,9.83,8.94
996,995,1121,11,10.05,9.57
997,996,1115,8,8.06,6.72
998,997,1139,11,26.25,25.0
999,998,1142,7,54.39,43.51
1000,999,1121,3,13.88,9.57
1001,1000,1126,2,12.43,8.29
1002,1001,1137,17,2.21,2.1
1003,1002,1124,9,11.4,9.91
1004,1003,1132,7,16.12,12.9
1005,1004,1148,1,4.63,2.99
1006,1005,1103,7,5.01,4.01
1007,1006,1105,6,3.85,2.96
1008,1007,1117,1,21.81,14.07
1009,1008,1121,4,13.4,9.57
1010,1009,1124,11,10.41,9.91
1011,1010,1135,7,39.47,31.58
1012,1011,1122,1,20.41,13.17
1013,1012,1124,4,13.87,9.91
1014,1013,1117,13,14.77,14.07
1015,1014,1136,4,30.02,21.44
1016,1015,1140,10,30.76,27.96
1017,1016,1101,3,3.51,2.42
1018,1017,1145,12,23.5,22.38
1019,1018,1101,6,3.15,2.42
1020,1019,1131,19,18.01,17.15
1021,1020,1134,14,21.18,20.17
1022,1021,1138,2,46.77,31.18
1023,1022,1105,2,4.44,2.96
1024,1023,1132,12,13.54,12.9
1025,1024,1126,11,8.7,8.29
1026,1025,1120,8,9.72,8.1
1027,1026,1113,9,14.72,12.8
1028,1027,1100,15,2.1,2.0
1029,1028,1117,7,17.59,14.07
1030,1029,1137,12,2.21,2.1
1031,1030,1138,11,32.74,31.18
1032,1031,1112,8,5.78,4.82
1033,1032,1125,5,17.8,14.83
1034,1033,1122,6,17.12,13.17
1035,1034,1103,3,5.81,4.01
1036,1035,1132,2,19.35,12.9
1037,1036,1149,1,52.08,33.6
1038,1037,1145,12,23.5,22.38
1039,1038,1134,13,21.18,20.17
1040,1039,1137,17,2.21,2.1
1041,1040,1112,1,7.47,4.82
1042,1041,1110,9,10.28,8.94
1043,1042,1100,4,2.8,2.0
1044,1043,1141,3,41.69,28.75
1045,1044,1100,9,2.3,2.0
1046,1045,1104,9,2.83,2.46
1047,1046,1148,18,3.14,2.99
1048,1047,1148,2,4.49,2.99
1049,1048,1109,8,12.86,10.72
1050,1049,1110,8,10.73,8.94
1051,1050,1148,1,4.63,2.99
1052,1051,1117,10,15.48,14.07
1053,1052,1112,17,5.06,4.82
1054,1053,1101,4,3.39,2.42
1055,1054,1140,10,30.76,27.96
1056,1055,1124,6,12.88,9.91
1057,1056,1145,11,23.5,22.38
1058,1057,1105,2,4.44,2.96
1059,1058,1105,2,4.44,2.96
1060,1059,1149,4,47.04,33.6
1061,1060,1140,1,43.34,27.96
1062,1061,1112,17,5.06,4.82
1063,1062,1121,8,11.48,9.57
1064,1063,1129,6,26.59,20.45
1065,1064,1113,10,14.08,12.8
1066,1065,1128,6,17.21,13.24
1067,1066,1132,6,16.77,12.9
1068,1067,1115,6,8.74,6.72
1069,1068,1107,10,3.29,2.99
1070,1069,1135,8,37.9,31.58
1071,1070,1145,9,25.74,22.38
1072,1071,1121,5,12.92,9.57
1073,1072,1107,5,4.04,2.99
1074,1073,1126,4,11.61,8.29
1075,1074,1139,7,31.25,25.0
1076,1075,1121,1,14.83,9.57
1077,1076,1122,8,15.8,13.17
1078,1077,1104,2,3.69,2.46
1079,1078,1118,12,8.67,8.26
1080,1079,1148,12,3.14,2.99
1081,1080,1130,10,31.23,28.39
1082,1081,1137,13,2.21,2.1
1083,1082,1113,8,15.36,12.8
1084,1083,1143,10,14.49,13.17
1085,1084,1128,11,13.9,13.24
1086,1085,1124,3,14.37,9.91
1087,1086,1129,5,27.61,20.45
1088,1087,1140,2,41.94,27.96
1089,1088,1128,12,13.9,13.24
1090,1089,1133,11,17.21,16.39
1091,1090,1134,11,21.18,20.17
1092,1091,1145,12,23.5,22.38
1093,1092,1112,14,5.06,4.82
1094,1093,1134,15,21.18,20.17
1095,1094,1120,7,10.12,8.1
1096,1095,1148,9,3.44,2.99
1097,1096,1137,10,2.31,2.1
1098,1097,1124,12,10.41,9.91
1099,1098,1134,15,21.18,20.17
1100,1099,1117,2,21.11,14.07
1101,1100,1133,4,22.95,16.39
1102,1101,1133,7,20.49,16.39
1103,1102,1138,9,35.86,31.18
1104,1103,1126,1,12.85,8.29
1105,1104,1121,4,13.4,9.57
1106,1105,1116,10,16.05,14.59
1107,1106,1126,1,12.85,8.29
1108,1107,1108,5,3.42,2.53
1109,1108,1130,8,34.07,28.39
1110,1109,1132,11,13.54,12.9
1111,1110,1125,5,17.8,14.83
1112,1111,1139,10,27.5,25.0
1113,1112,1129,9,23.52,20.45
1114,1113,1103,1,6.22,4.01
1115,1114,1140,3,40.54,27.96
1116,1115,1141,5,38.81,28.75
1117,1116,1119,10,22.14,20.13
1118,1117,1121,2,14.36,9.57
1119,1118,1112,16,5.06,4.82
1120,1119,1134,10,22.19,20.17
1121,1120,1145,8,26.86,22.38
1122,1121,1107,3,4.34,2.99
1123,1122,1111,1,8.94,5.77
1124,1123,1120,5,10.93,8.1
1125,1124,1132,5,17.41,12.9
1126,1125,1150,14,2.1,2.0
1127,1126,1128,13,13.9,13.24
1128,1127,1127,1,19.55,12.61
1129,1128,1120,3,11.75,8.1
1130,1129,1125,1,17.8,14.83
1131,1130,1124,9,11.4,9.91
1132,1131,1141,1,44.56,28.75
1133,1132,1122,2,19.75,13.17
1134,1133,1110,6,11.62,8.94
1135,1134,1109,22,11.26,10.72
1136,1135,1118,1,12.8,8.26
1137,1136,1138,1,48.33,31.18
1138,1137,1129,5,27.61,20.45
1139,1138,1115,2,10.08,6.72
1140,1139,1103,7,5.01,4.01
1141,1140,1119,1,31.2,20.13
1142,1141,1135,9,36.32,31.58
1143,1142,1121,3,13.88,9.57
1144,1143,1143,7,16.46,13.17
1145,1144,1137,10,2.31,2.1
1146,1145,1135,3,45.79,31.58
1147,1146,1105,12,3.11,2.96
1148,1147,1149,3,48.72,33.6
1149,1148,1105,7,3.7,2.96
1150,1149,1101,5,3.27,2.42
1151,1150,1138,5,42.09,31.18
1152,1151,1126,7,10.36,8.29
1153,1152,1101,10,2.66,2.42
1155,1153,1113,9,14.72,12.8
1156,1154,1124,9,11.4,9.91
1157,1155,1103,6,5.21,4.01
1158,1156,1138,5,42.09,31.18
1159,1157,1128,14,13.9,13.24
1160,1158,1134,12,21.18,20.17
1161,1159,1149,9,38.64,33.6
1162,1160,1132,8,15.48,12.9
1163,1161,1105,2,4.44,2.96
1164,1162,1104,4,3.44,2.46
1165,1163,1138,13,32.74,31.18
1166,1164,1103,6,5.21,4.01
1167,1165,1136,8,25.73,21.44
1168,1166,1148,5,4.04,2.99
1169,1167,1135,7,39.47,31.58
1170,1168,1124,1,15.36,9.91
1171,1169,1121,7,11.96,9.57
1172,1170,1148,5,4.04,2.99
1173,1171,1103,4,5.61,4.01
1174,1172,1130,5,38.33,28.39
1175,1173,1145,12,23.5,22.38
1176,1174,1115,12,7.06,6.72
1177,1175,1113,10,14.08,12.8
1178,1176,1148,17,3.14,2.99
1179,1177,1126,1,12.85,8.29
1180,1178,1100,14,2.1,2.0
1181,1179,1125,3,17.8,14.83
1182,1180,1119,15,21.14,20.13
1183,1181,1129,1,31.7,20.45
1184,1182,1101,4,3.39,2.42
1185,1183,1137,15,2.21,2.1
1186,1184,1128,4,18.54,13.24
1187,1185,1116,3,21.16,14.59
1188,1186,1147,2,7.89,5.26
1189,1187,1131,13,18.01,17.15
1190,1188,1122,5,17.78,13.17
1191,1189,1112,14,5.06,4.82
1192,1190,1125,4,17.8,14.83
1193,1191,1125,7,17.8,14.83
1194,1192,1126,5,11.19,8.29
1195,1193,1128,20,13.9,13.24
1196,1194,1126,6,10.78,8.29
1197,1195,1134,17,21.18,20.17
1198,1196,1142,6,56.56,43.51
1199,1197,1110,2,13.41,8.94
1200,1198,1135,2,47.37,31.58
1201,1199,1136,7,26.8,21.44
1202,1200,1120,9,9.31,8.1
1203,1201,1128,1,20.52,13.24
1204,1202,1126,10,9.12,8.29
1205,1203,1103,1,6.22,4.01
1206,1204,1128,4,18.54,13.24
1207,1205,1108,6,3.29,2.53
1208,1206,1150,14,2.1,2.0
1209,1207,1140,5,37.75,27.96
1210,1208,1126,7,10.36,8.29
1211,1209,1145,9,25.74,22.38
1212,1210,1132,5,17.41,12.9
1213,1211,1113,6,16.64,12.8
1214,1212,1132,10,14.19,12.9
1215,1213,1115,1,10.42,6.72
1216,1214,1125,4,17.8,14.83
1217,1215,1136,3,31.09,21.44
1218,1216,1101,5,3.27,2.42
1219,1217,1107,7,3.74,2.99
1220,1218,1146,7,32.0,25.6
1221,1219,1143,2,19.75,13.17
1222,1220,1132,8,15.48,12.9
1223,1221,1118,7,10.32,8.26
1224,1222,1112,13,5.06,4.82
1225,1223,1135,7,39.47,31.58
1226,1224,1133,10,18.03,16.39
1227,1225,1146,13,26.88,25.6
1228,1226,1118,7,10.32,8.26
1229,1227,1122,6,17.12,13.17
1230,1228,1120,7,10.12,8.1
1231,1229,1106,2,5.67,3.78
1232,1230,1131,18,18.01,17.15
1233,1231,1128,20,13.9,13.24
1234,1232,1124,12,10.41,9.91
1235,1233,1120,3,11.75,8.1
1236,1234,1128,19,13.9,13.24
1237,1235,1140,11,29.36,27.96
1238,1236,1120,6,10.53,8.1
1239,1237,1123,3,22.26,15.35
1240,1238,1119,10,22.14,20.13
1241,1239,1110,8,10.73,8.94
1242,1240,1128,5,17.87,13.24
1243,1241,1131,6,22.29,17.15
1244,1242,1110,5,12.07,8.94
1245,1243,1140,9,32.15,27.96
1246,1244,1114,2,6.95,4.63
1247,1245,1112,7,6.03,4.82
1248,1246,1113,9,14.72,12.8
1249,1247,1132,6,16.77,12.9
1250,1248,1100,11,2.1,2.0
1251,1249,1111,1,8.94,5.77
1252,1250,1125,4,17.8,14.83
1253,1251,1120,1,12.55,8.1
1254,1252,1140,7,34.95,27.96
1255,1253,1113,9,14.72,12.8
1256,1254,1121,2,14.36,9.57
1257,1255,1133,7,20.49,16.39
1258,1256,1100,20,2.1,2.0
1259,1257,1107,5,4.04,2.99
1260,1258,1125,9,17.8,14.83
1261,1259,1135,4,44.21,31.58
1262,1260,1137,3,3.04,2.1
1263,1261,1143,11,13.83,13.17
1264,1262,1135,10,34.74,31.58
1265,1263,1128,11,13.9,13.24
1266,1264,1146,18,26.88,25.6
1267,1265,1105,12,3.11,2.96
1268,1266,1112,4,6.75,4.82
1269,1267,1148,13,3.14,2.99
1270,1268,1146,12,26.88,25.6
1271,1269,1140,11,29.36,27.96
1272,1270,1122,9,15.15,13.17
1273,1271,1145,12,23.5,22.38
1274,1272,1103,7,5.01,4.01
1275,1273,1140,7,34.95,27.96
1276,1274,1137,17,2.21,2.1
1277,1275,1139,6,32.5,25.0
1278,1276,1145,5,30.21,22.38
1279,1277,1125,8,17.8,14.83
1280,1278,1126,5,11.19,8.29
1281,1279,1147,3,7.63,5.26
1282,1280,1122,1,20.41,13.17
1283,1281,1150,11,2.1,2.0
1284,1282,1105,1,4.59,2.96
1285,1283,1120,6,10.53,8.1
1286,1284,1106,10,4.16,3.78
1287,1285,1108,8,3.04,2.53
1288,1286,1149,3,48.72,33.6
1289,1287,1147,10,5.79,5.26
1290,1288,1149,10,36.96,33.6
1291,1289,1125,9,17.8,14.83
1292,1290,1103,11,4.21,4.01
1293,1291,1128,6,17.21,13.24
1294,1292,1136,3,31.09,21.44
1295,1293,1124,15,10.41,9.91
1296,1294,1110,6,11.62,8.94
1297,1295,1110,5,12.07,8.94
1298,1296,1129,4,28.63,20.45
1299,1297,1123,13,16.12,15.35
1300,1298,1126,1,12.85,8.29
1301,1299,1122,10,14.49,13.17
1302,1300,1108,6,3.29,2.53
1303,1301,1112,16,5.06,4.82
1304,1302,1133,5,22.13,16.39
1305,1303,1141,2,43.12,28.75
1306,1304,1115,5,9.07,6.72
1307,1305,1131,12,18.01,17.15
1308,1306,1110,8,10.73,8.94
1309,1307,1137,2,3.15,2.1
1310,1308,1136,9,24.66,21.44
1311,1309,1125,9,17.8,14.83
1312,1310,1142,8,52.21,43.51
1313,1311,1134,3,29.25,20.17
1314,1312,1128,20,13.9,13.24
1315,1313,1120,10,8.91,8.1
1316,1314,1122,7,16.46,13.17
1317,1315,1144,22,3.98,3.79
1318,1316,1126,6,10.78,8.29
1319,1317,1121,8,11.48,9.57
1320,1318,1144,22,3.98,3.79
1321,1319,1105,7,3.7,2.96
1322,1320,1108,8,3.04,2.53
1323,1321,1111,8,6.92,5.77
1324,1322,1136,9,24.66,21.44
1325,1323,1117,1,21.81,14.07
1326,1324,1125,3,17.8,14.83
1327,1325,1136,2,32.16,21.44
1328,1326,1109,6,13.94,10.72
1329,1327,1148,16,3.14,2.99
1330,1328,1139,4,35.0,25.0
1331,1329,1103,6,5.21,4.01
1332,1330,1104,4,3.44,2.46
1333,1331,1122,7,16.46,13.17
1334,1332,1107,10,3.29,2.99
1335,1333,1132,5,17.41,12.9
1336,1334,1110,3,12.96,8.94
1337,1335,1120,9,9.31,8.1
1338,1336,1140,6,36.35,27.96
1339,1337,1147,1,8.15,5.26
1340,1338,1112,3,6.99,4.82
1341,1339,1124,11,10.41,9.91
1342,1340,1100,22,2.1,2.0
1343,1341,1103,11,4.21,4.01
1344,1342,1147,6,6.84,5.26
1345,1343,1123,4,21.49,15.35
1346,1344,1129,1,31.7,20.45
1347,1345,1134,18,21.18,20.17
1348,1346,1117,1,21.81,14.07
1349,1347,1101,1,3.75,2.42
1350,1348,1108,1,3.92,2.53
1351,1349,1148,9,3.44,2.99
1352,1350,1125,10,17.8,14.83
1353,1351,1114,1,7.18,4.63
1354,1352,1144,15,3.98,3.79
1355,1353,1138,8,37.42,31.18
1356,1354,1148,20,3.14,2.99
1357,1355,1140,10,30.76,27.96
1358,1356,1141,2,43.12,28.75
1359,1357,1122,6,17.12,13.17
1360,1358,1110,11,9.39,8.94
1361,1359,1113,4,17.92,12.8
1362,1360,1124,8,11.89,9.91
1363,1361,1101,3,3.51,2.42
1364,1362,1125,10,17.8,14.83
1365,1363,1133,10,18.03,16.39
1366,1364,1131,2,25.72,17.15
1367,1365,1137,18,2.21,2.1
1368,1366,1121,10,10.53,9.57
1369,1367,1113,9,14.72,12.8
1370,1368,1136,8,25.73,21.44
1371,1369,1103,12,4.21,4.01
1372,1370,1125,7,17.8,14.83
1373,1371,1145,7,27.97,22.38
1374,1372,1112,17,5.06,4.82
1375,1373,1100,30,2.1,2.0
1376,1374,1146,17,26.88,25.6
1377,1375,1129,2,30.68,20.45
1378,1376,1112,15,5.06,4.82
1379,1377,1100,18,2.1,2.0
1380,1378,1126,2,12.43,8.29
1381,1379,1128,7,16.55,13.24
1382,1380,1146,16,26.88,25.6
1383,1381,1125,4,17.8,14.83
1384,1382,1101,9,2.78,2.42
1385,1383,1142,7,54.39,43.51
1386,1384,1137,3,3.04,2.1
1387,1385,1146,17,26.88,25.6
1388,1386,1146,8,30.72,25.6
1389,1387,1118,12,8.67,8.26
1390,1388,1110,9,10.28,8.94
1391,1389,1117,11,14.77,14.07
1392,1390,1117,4,19.7,14.07
1393,1391,1129,6,26.59,20.45
1394,1392,1125,1,17.8,14.83
1395,1393,1113,5,17.28,12.8
1396,1394,1101,3,3.51,2.42
1397,1395,1104,5,3.32,2.46
1398,1396,1134,4,28.24,20.17
1399,1397,1112,19,5.06,4.82
1400,1398,1142,10,47.86,43.51
1401,1399,1122,3,19.1,13.17
1402,1400,1130,8,34.07,28.39
1403,1401,1135,3,45.79,31.58
1404,1402,1126,8,9.95,8.29
1405,1403,1105,2,4.44,2.96
1406,1404,1103,7,5.01,4.01
1407,1405,1132,4,18.06,12.9
1408,1406,1119,23,21.14,20.13
1409,1407,1106,13,3.97,3.78
1410,1408,1148,1,4.63,2.99
1411,1409,1121,13,10.05,9.57
1412,1410,1129,8,24.54,20.45
1413,1411,1125,6,17.8,14.83
1414,1412,1132,10,14.19,12.9
1415,1413,1148,17,3.14,2.99
1416,1414,1110,4,12.52,8.94
1417,1415,1138,5,42.09,31.18
1418,1416,1125,1,17.8,14.83
1419,1417,1128,18,13.9,13.24
1420,1418,1105,12,3.11,2.96
1421,1419,1134,10,22.19,20.17
1422,1420,1135,9,36.32,31.58
1423,1421,1112,5,6.51,4.82
1424,1422,1145,1,34.69,22.38
1425,1423,1141,8,34.5,28.75
1426,1424,1134,17,21.18,20.17
1427,1425,1112,9,5.54,4.82
1428,1426,1108,11,2.66,2.53
1429,1427,1145,10,24.62,22.38
1430,1428,1145,12,23.5,22.38
1431,1429,1134,9,23.2,20.17
1432,1430,1136,10,23.58,21.44
1433,1431,1127,5,17.02,12.61
1434,1432,1128,12,13.9,13.24
1435,1433,1126,4,11.61,8.29
1436,1434,1130,1,44.0,28.39
1437,1435,1115,8,8.06,6.72
1438,1436,1116,5,19.7,14.59
1439,1437,1129,4,28.63,20.45
1440,1438,1113,2,19.2,12.8
1441,1439,1146,11,26.88,25.6
1442,1440,1115,1,10.42,6.72
1443,1441,1101,7,3.02,2.42
1444,1442,1142,1,67.44,43.51
1445,1443,1101,6,3.15,2.42
1446,1444,1131,8,20.58,17.15
1447,1445,1122,3,19.1,13.17
1448,1446,1112,18,5.06,4.82
1449,1447,1112,11,5.06,4.82
1450,1448,1112,5,6.51,4.82
1451,1449,1122,8,15.8,13.17
1452,1450,1139,3,36.25,25.0
1453,1451,1129,8,24.54,20.45
1454,1452,1121,13,10.05,9.57
1455,1453,1107,3,4.34,2.99
1456,1454,1125,4,17.8,14.83
1457,1455,1134,24,21.18,20.17
1458,1456,1150,10,2.2,2.0
1459,1457,1100,12,2.1,2.0
1460,1458,1126,3,12.02,8.29
1461,1459,1141,9,33.06,28.75
1462,1460,1129,2,30.68,20.45
1463,1461,1141,1,44.56,28.75
1464,1462,1145,7,27.97,22.38
1465,1463,1126,5,11.19,8.29
1466,1464,1138,6,40.53,31.18
1467,1465,1113,11,13.44,12.8
1468,1466,1150,12,2.1,2.0
1469,1467,1126,6,10.78,8.29
1470,1468,1120,9,9.31,8.1
1471,1469,1122,5,17.78,13.17
1472,1470,1142,8,52.21,43.51
1473,1471,1132,1,20.0,12.9
1474,1472,1121,11,10.05,9.57
1475,1473,1126,2,12.43,8.29
1476,1474,1141,3,41.69,28.75
1477,1475,1137,18,2.21,2.1
1478,1476,1141,1,44.56,28.75
1479,1477,1124,5,13.38,9.91
1480,1478,1125,3,17.8,14.83
1481,1479,1120,2,12.15,8.1
1482,1480,1118,7,10.32,8.26
1483,1481,1101,7,3.02,2.42
1484,1482,1123,6,19.95,15.35
1485,1483,1140,11,29.36,27.96
1486,1484,1122,10,14.49,13.17
1487,1485,1147,26,5.52,5.26
1488,1486,1100,16,2.1,2.0
1489,1487,1113,9,14.72,12.8
1490,1488,1137,18,2.21,2.1
1491,1489,1124,11,10.41,9.91
1492,1490,1110,8,10.73,8.94
1493,1491,1125,7,17.8,14.83
1494,1492,1113,2,19.2,12.8
1495,1493,1115,7,8.4,6.72
1496,1494,1129,6,26.59,20.45
1497,1495,1118,9,9.5,8.26
1498,1496,1135,5,42.63,31.58
1499,1497,1103,3,5.81,4.01
1500,1498,1125,2,17.8,14.83
1501,1499,1139,11,26.25,25.0
1502,1500,1149,7,42.0,33.6
1503,1501,1139,11,26.25,25.0
1504,1502,1122,3,19.1,13.17
1505,1503,1149,11,35.28,33.6
1506,1504,1137,5,2.83,2.1
1507,1505,1124,4,13.87,9.91
1508,1506,1139,5,33.75,25.0
1509,1507,1126,1,12.85,8.29
1510,1508,1129,9,23.52,20.45
1511,1509,1117,8,16.88,14.07
1512,1510,1113,11,13.44,12.8
1513,1511,1117,16,14.77,14.07
1514,1512,1121,14,10.05,9.57
1515,1513,1148,6,3.89,2.99
1516,1514,1125,5,17.8,14.83
1517,1515,1127,15,13.24,12.61
1518,1516,1120,6,10.53,8.1
1519,1517,1112,11,5.06,4.82
1520,1518,1112,7,6.03,4.82
1521,1519,1119,23,21.14,20.13
1522,1520,1145,12,23.5,22.38
1523,1521,1141,2,43.12,28.75
1524,1522,1131,13,18.01,17.15
1525,1523,1107,1,4.63,2.99
1526,1524,1122,7,16.46,13.17
1527,1525,1150,20,2.1,2.0
1528,1526,1132,1,20.0,12.9
1529,1527,1114,4,6.48,4.63
1530,1528,1125,2,17.8,14.83
1531,1529,1112,8,5.78,4.82
1532,1530,1110,1,13.86,8.94
1533,1531,1120,5,10.93,8.1
1534,1532,1104,1,3.81,2.46
1535,1533,1131,20,18.01,17.15
1536,1534,1125,4,17.8,14.83
1537,1535,1116,1,22.61,14.59
1538,1536,1150,20,2.1,2.0
1539,1537,1140,4,39.14,27.96
1540,1538,1121,4,13.4,9.57
1541,1539,1115,6,8.74,6.72
1542,1540,1134,11,21.18,20.17
1543,1541,1113,9,14.72,12.8
1544,1542,1110,4,12.52,8.94
1545,1543,1138,16,32.74,31.18
1546,1544,1107,6,3.89,2.99
1547,1545,1134,11,21.18,20.17
1548,1546,1100,24,2.1,2.0
1549,1547,1100,30,2.1,2.0
1550,1548,1126,4,11.61,8.29
1551,1549,1113,1,19.84,12.8
1552,1550,1105,4,4.14,2.96
1553,1551,1133,2,24.59,16.39
1554,1552,1138,5,42.09,31.18
1555,1553,1127,13,13.24,12.61
1556,1554,1123,7,19.19,15.35
1557,1555,1112,2,7.23,4.82
1558,1556,1129,3,29.65,20.45
1559,1557,1127,5,17.02,12.61
1560,1558,1129,8,24.54,20.45
1561,1559,1132,9,14.84,12.9
1562,1560,1129,5,27.61,20.45
1563,1561,1128,19,13.9,13.24
1564,1562,1107,2,4.49,2.99
1565,1563,1117,8,16.88,14.07
1566,1564,1120,6,10.53,8.1
1567,1565,1143,2,19.75,13.17
1568,1566,1148,20,3.14,2.99
1569,1567,1100,8,2.4,2.0
1570,1568,1119,6,26.17,20.13
1571,1569,1110,2,13.41,8.94
1572,1570,1121,10,10.53,9.57
1573,1571,1136,7,26.8,21.44
1574,1572,1134,17,21.18,20.17
1575,1573,1142,10,47.86,43.51
1576,1574,1148,7,3.74,2.99
1577,1575,1114,11,4.86,4.63
1578,1576,1103,5,5.41,4.01
1579,1577,1120,10,8.91,8.1
1580,1578,1143,3,19.1,13.17
1581,1579,1122,7,16.46,13.17
1582,1580,1134,9,23.2,20.17
1583,1581,1119,3,29.19,20.13
1584,1582,1122,1,20.41,13.17
1585,1583,1141,11,30.19,28.75
1586,1584,1127,6,16.39,12.61
1587,1585,1139,9,28.75,25.0
1588,1586,1149,4,47.04,33.6
1589,1587,1112,3,6.99,4.82
1590,1588,1122,7,16.46,13.17
1591,1589,1121,4,13.4,9.57
1592,1590,1128,15,13.9,13.24
1593,1591,1138,12,32.74,31.18
1594,1592,1148,15,3.14,2.99
1595,1593,1110,5,12.07,8.94
1596,1594,1121,7,11.96,9.57
1597,1595,1126,4,11.61,8.29
1598,1596,1115,6,8.74,6.72
1599,1597,1122,2,19.75,13.17
1600,1598,1112,5,6.51,4.82
1601,1599,1116,13,15.32,14.59
1602,1600,1136,1,33.23,21.44
1603,1601,1110,6,11.62,8.94
1604,1602,1148,7,3.74,2.99
1605,1603,1113,3,18.56,12.8
1606,1604,1109,8,12.86,10.72
1607,1605,1101,9,2.78,2.42
1608,1606,1106,4,5.29,3.78
1609,1607,1120,10,8.91,8.1
1610,1608,1146,5,34.56,25.6
1611,1609,1140,6,36.35,27.96
1612,1610,1121,3,13.88,9.57
1613,1611,1146,12,26.88,25.6
1614,1612,1132,12,13.54,12.9
1615,1613,1137,14,2.21,2.1
1616,1614,1133,7,20.49,16.39
1617,1615,1123,10,16.88,15.35
1618,1616,1147,21,5.52,5.26
1619,1617,1129,9,23.52,20.45
1620,1618,1121,10,10.53,9.57
1621,1619,1146,17,26.88,25.6
1622,1620,1126,7,10.36,8.29
1623,1621,1109,15,11.26,10.72
1624,1622,1129,6,26.59,20.45
1625,1623,1108,1,3.92,2.53
1626,1624,1133,5,22.13,16.39
1627,1625,1137,10,2.31,2.1
1628,1626,1123,13,16.12,15.35
1629,1627,1132,2,19.35,12.9
1630,1628,1133,9,18.85,16.39
1631,1629,1139,1,38.75,25.0
1632,1630,1100,8,2.4,2.0
1633,1631,1101,5,3.27,2.42
1634,1632,1122,10,14.49,13.17
1635,1633,1111,12,6.06,5.77
1636,1634,1127,2,18.91,12.61
1637,1635,1146,4,35.84,25.6
1638,1636,1110,7,11.17,8.94
1639,1637,1148,13,3.14,2.99
1640,1638,1140,11,29.36,27.96
1641,1639,1128,18,13.9,13.24
1642,1640,1119,21,21.14,20.13
1643,1641,1137,21,2.21,2.1
1644,1642,1128,15,13.9,13.24
1645,1643,1132,8,15.48,12.9
1646,1644,1110,10,9.83,8.94
1647,1645,1132,6,16.77,12.9
1648,1646,1134,10,22.19,20.17
1649,1647,1136,4,30.02,21.44
1650,1648,1141,10,31.62,28.75
1651,1649,1102,3,3.74,2.58
1652,1650,1138,4,43.65,31.18
1653,1651,1101,9,2.78,2.42
1654,1652,1129,9,23.52,20.45
1655,1653,1140,10,30.76,27.96
1656,1654,1101,7,3.02,2.42
1657,1655,1100,22,2.1,2.0
1658,1656,1129,7,25.56,20.45
1659,1657,1129,4,28.63,20.45
1660,1658,1122,7,16.46,13.17
1661,1659,1126,11,8.7,8.29
1662,1660,1132,6,16.77,12.9
1663,1661,1112,12,5.06,4.82
1664,1662,1128,16,13.9,13.24
1665,1663,1113,1,19.84,12.8
1666,1664,1128,6,17.21,13.24
1667,1665,1143,1,20.41,13.17
1668,1666,1140,7,34.95,27.96
1669,1667,1126,2,12.43,8.29
1670,1668,1129,7,25.56,20.45
1671,1669,1122,2,19.75,13.17
1672,1670,1126,10,9.12,8.29
1673,1671,1100,4,2.8,2.0
1674,1672,1150,9,2.3,2.0
1675,1673,1105,2,4.44,2.96
1676,1674,1143,4,18.44,13.17
1677,1675,1142,3,63.09,43.51
1678,1676,1125,9,17.8,14.83
1679,1677,1135,6,41.05,31.58
1680,1678,1107,8,3.59,2.99
1681,1679,1119,14,21.14,20.13
1682,1680,1125,1,17.8,14.83
1683,1681,1148,2,4.49,2.99
1684,1682,1129,7,25.56,20.45
1685,1683,1135,3,45.79,31.58
1686,1684,1145,1,34.69,22.38
1687,1685,1134,17,21.18,20.17
1688,1686,1137,6,2.73,2.1
1689,1687,1111,8,6.92,5.77
1690,1688,1132,12,13.54,12.9
1691,1689,1120,1,12.55,8.1
1692,1690,1113,6,16.64,12.8
1693,1691,1146,5,34.56,25.6
1694,1692,1107,4,4.19,2.99
1695,1693,1115,5,9.07,6.72
1696,1694,1103,7,5.01,4.01
1697,1695,1131,5,23.15,17.15
1698,1696,1124,7,12.39,9.91
1699,1697,1138,3,45.21,31.18
1700,1698,1125,8,17.8,14.83
1701,1699,1131,9,19.72,17.15
1702,1700,1132,5,17.41,12.9
1703,1701,1147,10,5.79,5.26
1704,1702,1148,20,3.14,2.99
1705,1703,1113,4,17.92,12.8
1706,1704,1124,2,14.87,9.91
1707,1705,1100,19,2.1,2.0
1708,1706,1129,4,28.63,20.45
1709,1707,1134,5,27.23,20.17
1710,1708,1132,10,14.19,12.9
1711,1709,1125,10,17.8,14.83
1712,1710,1110,1,13.86,8.94
1713,1711,1135,9,36.32,31.58
1714,1712,1100,27,2.1,2.0
1715,1713,1142,3,63.09,43.51
1716,1714,1148,11,3.14,2.99
1717,1715,1135,2,47.37,31.58
1718,1716,1120,8,9.72,8.1
1719,1717,1129,7,25.56,20.45
1720,1718,1113,5,17.28,12.8
1721,1719,1117,6,18.29,14.07
1722,1720,1119,5,27.18,20.13
1723,1721,1105,5,4.0,2.96
1724,1722,1128,17,13.9,13.24
1725,1723,1113,8,15.36,12.8
1726,1724,1103,12,4.21,4.01
1727,1725,1112,12,5.06,4.82
1728,1726,1122,2,19.75,13.17
1729,1727,1103,12,4.21,4.01
1730,1728,1136,3,31.09,21.44
1731,1729,1132,2,19.35,12.9
1732,1730,1145,10,24.62,22.38
1733,1731,1130,9,32.65,28.39
1734,1732,1121,2,14.36,9.57
1735,1733,1145,7,27.97,22.38
1736,1734,1101,9,2.78,2.42
1737,1735,1128,2,19.86,13.24
1738,1736,1148,14,3.14,2.99
1739,1737,1125,8,17.8,14.83
1740,1738,1143,12,13.83,13.17
1741,1739,1146,7,32.0,25.6
1742,1740,1103,8,4.81,4.01
1743,1741,1136,10,23.58,21.44
1744,1742,1115,11,7.06,6.72
1745,1743,1103,6,5.21,4.01
1746,1744,1115,4,9.41,6.72
1747,1745,1129,5,27.61,20.45
1748,1746,1132,5,17.41,12.9
1749,1747,1112,5,6.51,4.82
1750,1748,1140,7,34.95,27.96
1751,1749,1105,5,4.0,2.96
1752,1750,1148,11,3.14,2.99
1753,1751,1115,9,7.73,6.72
1754,1752,1112,17,5.06,4.82
1755,1753,1101,11,2.54,2.42
1756,1754,1139,12,26.25,25.0
1757,1755,1145,6,29.09,22.38
1758,1756,1103,9,4.61,4.01
1759,1757,1117,7,17.59,14.07
1760,1758,1122,2,19.75,13.17
1761,1759,1120,4,11.34,8.1
1762,1760,1103,11,4.21,4.01
1763,1761,1145,10,24.62,22.38
1764,1762,1132,2,19.35,12.9
1765,1763,1141,7,35.94,28.75
1766,1764,1118,7,10.32,8.26
1767,1765,1112,5,6.51,4.82
1768,1766,1140,3,40.54,27.96
1769,1767,1125,9,17.8,14.83
1770,1768,1103,6,5.21,4.01
1771,1769,1100,28,2.1,2.0
1772,1770,1128,10,14.56,13.24
1773,1771,1125,5,17.8,14.83
1774,1772,1136,6,27.87,21.44
1775,1773,1125,4,17.8,14.83
1776,1774,1129,4,28.63,20.45
1777,1775,1115,6,8.74,6.72
1778,1776,1125,10,17.8,14.83
1779,1777,1110,6,11.62,8.94
1780,1778,1114,4,6.48,4.63
1781,1779,1146,12,26.88,25.6
1782,1780,1141,9,33.06,28.75
1783,1781,1104,1,3.81,2.46
1784,1782,1132,6,16.77,12.9
1785,1783,1104,11,2.58,2.46
1786,1784,1141,12,30.19,28.75
1787,1785,1123,6,19.95,15.35
1788,1786,1138,12,32.74,31.18
1789,1787,1138,1,48.33,31.18
1790,1788,1130,19,29.81,28.39
1791,1789,1101,9,2.78,2.42
1792,1790,1129,3,29.65,20.45
1793,1791,1105,7,3.7,2.96
1794,1792,1103,7,5.01,4.01
1795,1793,1120,4,11.34,8.1
1796,1794,1136,8,25.73,21.44
1797,1795,1131,12,18.01,17.15
1798,1796,1120,4,11.34,8.1
1799,1797,1112,4,6.75,4.82
1800,1798,1100,7,2.5,2.0
1801,1799,1118,12,8.67,8.26
1802,1800,1145,2,33.57,22.38
1803,1801,1139,12,26.25,25.0
1804,1802,1135,2,47.37,31.58
1805,1803,1142,7,54.39,43.51
1806,1804,1137,15,2.21,2.1
1807,1805,1105,2,4.44,2.96
1808,1806,1141,10,31.62,28.75
1809,1807,1126,7,10.36,8.29
1810,1808,1138,6,40.53,31.18
1811,1809,1134,5,27.23,20.17
1812,1810,1117,16,14.77,14.07
1813,1811,1120,6,10.53,8.1
1814,1812,1115,12,7.06,6.72
1815,1813,1137,5,2.83,2.1
1816,1814,1140,10,30.76,27.96
1817,1815,1130,6,36.91,28.39
1818,1816,1117,2,21.11,14.07
1819,1817,1128,6,17.21,13.24
1820,1818,1136,2,32.16,21.44
1821,1819,1148,4,4.19,2.99
1822,1820,1105,9,3.4,2.96
1823,1821,1119,16,21.14,20.13
1824,1822,1117,8,16.88,14.07
1825,1823,1112,4,6.75,4.82
1826,1824,1132,9,14.84,12.9
1827,1825,1122,10,14.49,13.17
1828,1826,1115,2,10.08,6.72
1829,1827,1135,9,36.32,31.58
1830,1828,1140,10,30.76,27.96
1831,1829,1144,11,3.98,3.79
1832,1830,1117,1,21.81,14.07
1833,1831,1114,11,4.86,4.63
1834,1832,1128,4,18.54,13.24
1835,1833,1110,2,13.41,8.94
1836,1834,1104,6,3.2,2.46
1837,1835,1136,1,33.23,21.44
1838,1836,1105,5,4.0,2.96
1839,1837,1132,4,18.06,12.9
1840,1838,1112,15,5.06,4.82
1841,1839,1149,7,42.0,33.6
1842,1840,1100,27,2.1,2.0
1843,1841,1105,10,3.26,2.96
1844,1842,1120,7,10.12,8.1
1845,1843,1101,3,3.51,2.42
1846,1844,1109,12,11.26,10.72
1847,1845,1119,14,21.14,20.13
1848,1846,1128,11,13.9,13.24
1849,1847,1134,17,21.18,20.17
1850,1848,1129,9,23.52,20.45
1851,1849,1114,4,6.48,4.63
1852,1850,1101,8,2.9,2.42
1853,1851,1122,7,16.46,13.17
1854,1852,1103,9,4.61,4.01
1855,1853,1134,16,21.18,20.17
1856,1854,1140,10,30.76,27.96
1857,1855,1126,7,10.36,8.29
1858,1856,1128,14,13.9,13.24
1859,1857,1101,5,3.27,2.42
1860,1858,1129,5,27.61,20.45
1861,1859,1126,4,11.61,8.29
1862,1860,1125,6,17.8,14.83
1863,1861,1122,7,16.46,13.17
1864,1862,1128,18,13.9,13.24
1865,1863,1117,10,15.48,14.07
1866,1864,1143,1,20.41,13.17
1867,1865,1144,8,4.55,3.79
1868,1866,1134,5,27.23,20.17
1869,1867,1137,13,2.21,2.1
1870,1868,1148,15,3.14,2.99
1871,1869,1142,7,54.39,43.51
1872,1870,1146,11,26.88,25.6
1873,1871,1124,7,12.39,9.91
1874,1872,1114,4,6.48,4.63
1875,1873,1124,14,10.41,9.91
1876,1874,1110,11,9.39,8.94
1877,1875,1110,8,10.73,8.94
1878,1876,1103,5,5.41,4.01
1879,1877,1149,2,50.4,33.6
1880,1878,1128,6,17.21,13.24
1881,1879,1110,5,12.07,8.94
1882,1880,1104,1,3.81,2.46
1883,1881,1128,15,13.9,13.24
1884,1882,1149,8,40.32,33.6
1885,1883,1137,2,3.15,2.1
1886,1884,1125,1,17.8,14.83
1887,1885,1103,11,4.21,4.01
1888,1886,1109,18,11.26,10.72
1889,1887,1101,9,2.78,2.42
1890,1888,1124,3,14.37,9.91
1891,1889,1115,7,8.4,6.72
1892,1890,1124,6,12.88,9.91
1893,1891,1148,1,4.63,2.99
1894,1892,1122,2,19.75,13.17
1895,1893,1144,2,5.69,3.79
1896,1894,1127,3,18.28,12.61
1897,1895,1107,6,3.89,2.99
1898,1896,1122,7,16.46,13.17
1899,1897,1105,3,4.29,2.96
1900,1898,1119,24,21.14,20.13
1901,1899,1137,13,2.21,2.1
1902,1900,1140,8,33.55,27.96
1903,1901,1129,7,25.56,20.45
1904,1902,1150,4,2.8,2.0
1905,1903,1112,1,7.47,4.82
1906,1904,1121,4,13.4,9.57
1907,1905,1128,7,16.55,13.24
1908,1906,1137,2,3.15,2.1
1909,1907,1120,7,10.12,8.1
1910,1908,1115,7,8.4,6.72
1911,1909,1117,14,14.77,14.07
1912,1910,1135,8,37.9,31.58
1913,1911,1140,5,37.75,27.96
1914,1912,1132,12,13.54,12.9
1915,1913,1117,14,14.77,14.07
1916,1914,1100,5,2.7,2.0
1917,1915,1105,12,3.11,2.96
1918,1916,1125,10,17.8,14.83
1919,1917,1131,15,18.01,17.15
1920,1918,1137,1,3.25,2.1
1921,1919,1116,10,16.05,14.59
1922,1920,1103,10,4.41,4.01
1923,1921,1140,3,40.54,27.96
1924,1922,1140,6,36.35,27.96
1925,1923,1122,6,17.12,13.17
1926,1924,1122,7,16.46,13.17
1927,1925,1129,8,24.54,20.45
1928,1926,1146,5,34.56,25.6
1929,1927,1128,13,13.9,13.24
1930,1928,1148,12,3.14,2.99
1931,1929,1132,7,16.12,12.9
1932,1930,1106,12,3.97,3.78
1933,1931,1124,3,14.37,9.91
1934,1932,1128,4,18.54,13.24
1935,1933,1101,7,3.02,2.42
1936,1934,1117,5,18.99,14.07
1937,1935,1128,15,13.9,13.24
1938,1936,1106,12,3.97,3.78
1939,1937,1140,7,34.95,27.96
1940,1938,1125,6,17.8,14.83
1941,1939,1131,10,18.86,17.15
1942,1940,1122,9,15.15,13.17
1943,1941,1123,4,21.49,15.35
1944,1942,1113,4,17.92,12.8
1945,1943,1121,8,11.48,9.57
1946,1944,1100,18,2.1,2.0
1947,1945,1114,1,7.18,4.63
1948,1946,1149,10,36.96,33.6
1949,1947,1111,11,6.06,5.77
1950,1948,1150,11,2.1,2.0
1951,1949,1122,8,15.8,13.17
1952,1950,1140,5,37.75,27.96
1953,1951,1110,11,9.39,8.94
1954,1952,1114,7,5.79,4.63
1955,1953,1128,5,17.87,13.24
1956,1954,1138,11,32.74,31.18
1957,1955,1148,15,3.14,2.99
1958,1956,1120,10,8.91,8.1
1959,1957,1110,6,11.62,8.94
1960,1958,1112,5,6.51,4.82
1961,1959,1139,4,35.0,25.0
1962,1960,1124,6,12.88,9.91
1963,1961,1143,2,19.75,13.17
1964,1962,1110,7,11.17,8.94
1965,1963,1118,1,12.8,8.26
1966,1964,1134,23,21.18,20.17
1967,1965,1123,8,18.42,15.35
1968,1966,1113,4,17.92,12.8
1969,1967,1119,3,29.19,20.13
1970,1968,1123,3,22.26,15.35
1971,1969,1142,8,52.21,43.51
1972,1970,1117,15,14.77,14.07
1973,1971,1112,9,5.54,4.82
1975,1972,1112,7,6.03,4.82
1976,1973,1137,2,3.15,2.1
1977,1974,1124,5,13.38,9.91
1978,1975,1145,11,23.5,22.38
1979,1976,1113,10,14.08,12.8
1980,1977,1126,6,10.78,8.29
1981,1978,1141,9,33.06,28.75
1982,1979,1117,2,21.11,14.07
1983,1980,1103,3,5.81,4.01
1984,1981,1138,6,40.53,31.18
1985,1982,1142,1,67.44,43.51
1986,1983,1103,6,5.21,4.01
1987,1984,1129,8,24.54,20.45
1988,1985,1135,10,34.74,31.58
1989,1986,1141,2,43.12,28.75
1990,1987,1131,2,25.72,17.15
1991,1988,1115,5,9.07,6.72
1992,1989,1110,10,9.83,8.94
1993,1990,1125,2,17.8,14.83
1994,1991,1145,1,34.69,22.38
1995,1992,1110,2,13.41,8.94
1996,1993,1110,11,9.39,8.94
1997,1994,1123,7,19.19,15.35
1998,1995,1115,10,7.39,6.72
1999,1996,1138,5,42.09,31.18
2000,1997,1117,5,18.99,14.07
2001,1998,1121,4,13.4,9.57
2002,1999,1116,4,20.43,14.59
2003,2000,1144,21,3.98,3.79
2004,2001,1135,4,44.21,31.58
2005,2002,1132,4,18.06,12.9
2006,2003,1117,10,15.48,14.07
2007,2004,1140,4,39.14,27.96
2008,2005,1136,9,24.66,21.44
2009,2006,1100,4,2.8,2.0
2010,2007,1133,11,17.21,16.39
2012,2009,1121,10,10.53,9.57
2013,2010,1140,8,33.55,27.96
2014,2011,1124,13,10.41,9.91
2015,2012,1128,10,14.56,13.24
2016,2013,1123,4,21.49,15.35
2017,2014,1105,6,3.85,2.96
2018,2015,1103,8,4.81,4.01
2019,2016,1108,2,3.79,2.53
2020,2017,1126,1,12.85,8.29
2021,2018,1128,12,13.9,13.24
2022,2019,1101,4,3.39,2.42
2023,2020,1122,8,15.8,13.17
2024,2021,1113,5,17.28,12.8
2025,2022,1134,1,31.26,20.17
2026,2023,1102,12,2.71,2.58
2027,2024,1115,11,7.06,6.72
2028,2025,1128,8,15.89,13.24
2029,2026,1103,11,4.21,4.01
2030,2027,1103,8,4.81,4.01
2031,2028,1140,7,34.95,27.96
2032,2029,1133,9,18.85,16.39
2033,2030,1138,11,32.74,31.18
2034,2031,1145,2,33.57,22.38
2035,2032,1138,15,32.74,31.18
2036,2033,1120,5,10.93,8.1
2037,2034,1105,5,4.0,2.96
2038,2035,1128,12,13.9,13.24
2039,2036,1122,1,20.41,13.17
2040,2037,1129,9,23.52,20.45
2041,2038,1122,10,14.49,13.17
2042,2039,1110,11,9.39,8.94
2043,2040,1148,10,3.29,2.99
2044,2041,1145,11,23.5,22.38
2045,2042,1101,3,3.51,2.42
2046,2043,1137,7,2.62,2.1
2047,2044,1113,11,13.44,12.8
2048,2045,1129,7,25.56,20.45
2049,2046,1131,2,25.72,17.15
2050,2047,1103,5,5.41,4.01
2051,2048,1110,6,11.62,8.94
2052,2049,1135,9,36.32,31.58
2053,2050,1115,1,10.42,6.72
2054,2051,1112,16,5.06,4.82
2055,2052,1101,11,2.54,2.42
2056,2053,1138,4,43.65,31.18
2057,2054,1136,5,28.94,21.44
2058,2055,1125,10,17.8,14.83
2059,2056,1143,14,13.83,13.17
2061,2058,1120,7,10.12,8.1
2062,2059,1120,2,12.15,8.1
2063,2060,1113,9,14.72,12.8
2064,2061,1132,1,20.0,12.9
2065,2062,1125,10,17.8,14.83
2066,2063,1112,11,5.06,4.82
2067,2064,1146,12,26.88,25.6
2068,2065,1100,13,2.1,2.0
2069,2066,1124,7,12.39,9.91
2070,2067,1101,4,3.39,2.42
2071,2068,1136,5,28.94,21.44
2072,2069,1131,6,22.29,17.15
2073,2070,1102,7,3.23,2.58
2074,2071,1140,1,43.34,27.96
2075,2072,1127,8,15.13,12.61
2076,2073,1126,9,9.53,8.29
2077,2074,1100,7,2.5,2.0
2078,2075,1146,4,35.84,25.6
2079,2076,1122,4,18.44,13.17
2080,2077,1134,4,28.24,20.17
2081,2078,1147,18,5.52,5.26
2082,2079,1146,18,26.88,25.6
2083,2080,1101,7,3.02,2.42
2084,2081,1147,8,6.31,5.26
2085,2082,1147,24,5.52,5.26
2086,2083,1131,16,18.01,17.15
2087,2084,1119,18493899,23.15,20.13
2088,2085,1120,6,10.53,8.1
2089,2086,1113,7,16.0,12.8
2090,2087,1129,10,22.49,20.45
2091,2088,1128,6,17.21,13.24
2092,2089,1126,10,9.12,8.29
2093,2090,1120,3,11.75,8.1
2094,2091,1138,10,34.3,31.18
2095,2092,1131,20,18.01,17.15
2096,2093,1128,4,18.54,13.24
2097,2094,1129,9,23.52,20.45
2098,2095,1129,7,25.56,20.45
2099,2096,1112,13,5.06,4.82
2100,2097,1128,4,18.54,13.24
2101,2098,1140,4,39.14,27.96
2102,2099,1130,6,36.91,28.39
2103,2100,1140,8,33.55,27.96
2104,2101,1131,20,18.01,17.15
2105,2102,1114,3,6.71,4.63
2106,2103,1101,11,2.54,2.42
2107,2104,1109,10,11.79,10.72
2108,2105,1112,6,6.27,4.82
2109,2106,1122,4,18.44,13.17
2110,2107,1103,4,5.61,4.01
2111,2108,1103,6,5.21,4.01
2112,2109,1108,3,3.67,2.53
2113,2110,1124,9,11.4,9.91
2114,2111,1124,13,10.41,9.91
2115,2112,1101,3,3.51,2.42
2116,2113,1109,1,16.62,10.72
2117,2114,1136,5,28.94,21.44
2118,2115,1134,4,28.24,20.17
2119,2116,1122,4,18.44,13.17
2120,2117,1134,22,21.18,20.17
2121,2118,1137,18,2.21,2.1
2122,2119,1141,7,35.94,28.75
2123,2120,1127,7,15.76,12.61
2124,2121,1143,4,18.44,13.17
2125,2122,1146,1,39.68,25.6
2126,2123,1139,8,30.0,25.0
2127,2124,1145,3,32.45,22.38
2128,2125,1103,12,4.21,4.01
2129,2126,1138,1,48.33,31.18
2130,2127,1122,10,14.49,13.17
2131,2128,1149,3,48.72,33.6
2132,2129,1119,24,21.14,20.13
2133,2130,1126,10,9.12,8.29
2134,2131,1141,2,43.12,28.75
2135,2132,1126,2,12.43,8.29
2136,2133,1142,8,52.21,43.51
2137,2134,1110,3,12.96,8.94
2138,2135,1128,18,13.9,13.24
2139,2136,1134,17,21.18,20.17
2140,2137,1131,19,18.01,17.15
2141,2138,1138,9,35.86,31.18
2142,2139,1112,14,5.06,4.82
2143,2140,1106,6,4.91,3.78
2144,2141,1119,9,23.15,20.13
2145,2142,1138,3,45.21,31.18
2146,2143,1129,9,23.52,20.45
2147,2144,1115,6,8.74,6.72
2148,2145,1128,2,19.86,13.24
2149,2146,1115,3,9.74,6.72
2150,2147,1129,1,31.7,20.45
2151,2148,1126,2,12.43,8.29
2152,2149,1132,9,14.84,12.9
2153,2150,1136,8,25.73,21.44
2154,2151,1112,2,7.23,4.82
2155,2152,1148,18,3.14,2.99
2156,2153,1116,1,22.61,14.59
2157,2154,1140,9,32.15,27.96
2158,2155,1148,16,3.14,2.99
2159,2156,1105,11,3.11,2.96
2160,2157,1112,19,5.06,4.82
2161,2158,1115,4,9.41,6.72
2162,2159,1132,3,18.7,12.9
2163,2160,1126,4,11.61,8.29
2164,2161,1145,4,31.33,22.38
2165,2162,1126,3,12.02,8.29
2166,2163,1146,15,26.88,25.6
2167,2164,1120,10,8.91,8.1
2168,2165,1120,1,12.55,8.1
2169,2166,1133,7,20.49,16.39
2170,2167,1123,3,22.26,15.35
2171,2168,1144,22,3.98,3.79
2172,2169,1139,1,38.75,25.0
2173,2170,1137,7,2.62,2.1
2174,2171,1120,8,9.72,8.1
2175,2172,1138,12,32.74,31.18
2176,2173,1146,14,26.88,25.6
2177,2174,1116,7,18.24,14.59
2178,2175,1120,8,9.72,8.1
2179,2176,1110,6,11.62,8.94
2180,2177,1149,3,48.72,33.6
2181,2178,1131,7,21.44,17.15
2182,2179,1112,14,5.06,4.82
2183,2180,1125,4,17.8,14.83
2184,2181,1131,8,20.58,17.15
2185,2182,1122,3,19.1,13.17
2186,2183,1115,2,10.08,6.72
2187,2184,1132,3,18.7,12.9
2188,2185,1100,8,2.4,2.0
2189,2186,1109,10,11.79,10.72
2190,2187,1124,9,11.4,9.91
2191,2188,1120,9,9.31,8.1
2192,2189,1143,4,18.44,13.17
2193,2190,1134,15,21.18,20.17
2194,2191,1129,3,29.65,20.45
2195,2192,1116,13,15.32,14.59
2196,2193,1146,6,33.28,25.6
2197,2194,1101,5,3.27,2.42
2198,2195,1143,7,16.46,13.17
2199,2196,1134,14,21.18,20.17
2200,2197,1128,3,19.2,13.24
2201,2198,1128,7,16.55,13.24
2202,2199,1114,4,6.48,4.63
2203,2200,1133,12,17.21,16.39
2204,2201,1119,12,21.14,20.13
2205,2202,1124,3,14.37,9.91
2206,2203,1114,6,6.02,4.63
2207,2204,1135,8,37.9,31.58
2208,2205,1125,2,17.8,14.83
2209,2206,1137,14,2.21,2.1
2210,2207,1137,6,2.73,2.1
2211,2208,1119,10,22.14,20.13
2212,2209,1132,6,16.77,12.9
2213,2210,1136,8,25.73,21.44
2214,2211,1123,4,21.49,15.35
2215,2212,1140,5,37.75,27.96
2216,2213,1134,21,21.18,20.17
2217,2214,1128,20,13.9,13.24
2218,2215,1146,1,39.68,25.6
2219,2216,1115,2,10.08,6.72
2220,2217,1115,1,10.42,6.72
2221,2218,1130,14,29.81,28.39
2222,2219,1130,9,32.65,28.39
2223,2220,1145,11,23.5,22.38
2224,2221,1115,8,8.06,6.72
2225,2222,1113,5,17.28,12.8
2226,2223,1140,3,40.54,27.96
2227,2224,1128,16,13.9,13.24
2228,2225,1138,14,32.74,31.18
2229,2226,1122,9,15.15,13.17
2230,2227,1118,15,8.67,8.26
2231,2228,1136,4,30.02,21.44
2232,2229,1100,9,2.3,2.0
2233,2230,1141,4,40.25,28.75
2234,2231,1103,11,4.21,4.01
2235,2232,1110,3,12.96,8.94
2236,2233,1142,2,65.27,43.51
2237,2234,1120,2,12.15,8.1
2238,2235,1147,26,5.52,5.26
2239,2236,1133,12,17.21,16.39
2240,2237,1128,18,13.9,13.24
2241,2238,1112,4,6.75,4.82
2242,2239,1108,11,2.66,2.53
2243,2240,1114,2,6.95,4.63
2244,2241,1148,8,3.59,2.99
2245,2242,1131,4,24.01,17.15
2246,2243,1121,13,10.05,9.57
2247,2244,1126,2,12.43,8.29
2248,2245,1112,1,7.47,4.82
2249,2246,1112,16,5.06,4.82
2250,2247,1102,1,4.0,2.58
2251,2248,1125,9,17.8,14.83
2252,2249,1148,7,3.74,2.99
2253,2250,1120,7,10.12,8.1
2254,2251,1122,10,14.49,13.17
2255,2252,1126,8,9.95,8.29
2256,2253,1137,2,3.15,2.1
2257,2254,1139,10,27.5,25.0
2258,2255,1145,1,34.69,22.38
2259,2256,1100,2,3.0,2.0
2260,2257,1128,15,13.9,13.24
2261,2258,1121,12,10.05,9.57
2262,2259,1132,6,16.77,12.9
2263,2260,1142,7,54.39,43.51
2264,2261,1140,9,32.15,27.96
2265,2262,1112,9,5.54,4.82
2266,2263,1100,26,2.1,2.0
2267,2264,1140,7,34.95,27.96
2268,2265,1104,6,3.2,2.46
2269,2266,1110,8,10.73,8.94
2270,2267,1129,1,31.7,20.45
2271,2268,1108,1,3.92,2.53
2272,2269,1128,13,13.9,13.24
2273,2270,1135,5,42.63,31.58
2274,2271,1142,2,65.27,43.51
2275,2272,1140,1,43.34,27.96
2276,2273,1129,1,31.7,20.45
2277,2274,1101,2,3.63,2.42
2278,2275,1105,7,3.7,2.96
2279,2276,1134,7,25.21,20.17
2280,2277,1115,6,8.74,6.72
2281,2278,1110,11,9.39,8.94
2282,2279,1120,4,11.34,8.1
2283,2280,1138,12,32.74,31.18
2284,2281,1148,2,4.49,2.99
2285,2282,1100,28,2.1,2.0
2286,2283,1150,12,2.1,2.0
2287,2284,1115,2,10.08,6.72
2288,2285,1122,4,18.44,13.17
2289,2286,1115,7,8.4,6.72
2290,2287,1135,9,36.32,31.58
2291,2288,1121,7,11.96,9.57
2292,2289,1128,15,13.9,13.24
2293,2290,1129,2,30.68,20.45
2294,2291,1115,10,7.39,6.72
2295,2292,1114,7,5.79,4.63
2296,2293,1103,9,4.61,4.01
2297,2294,1133,11,17.21,16.39
2298,2295,1126,7,10.36,8.29
2299,2296,1122,2,19.75,13.17
2300,2297,1117,14,14.77,14.07
2301,2298,1124,2,14.87,9.91
2302,2299,1139,6,32.5,25.0
2303,2300,1115,11,7.06,6.72
2304,2301,1143,5,17.78,13.17
2305,2302,1104,10,2.71,2.46
2306,2303,1147,12,5.52,5.26
2307,2304,1133,10,18.03,16.39
2308,2305,1145,6,29.09,22.38
2309,2306,1129,9,23.52,20.45
2310,2307,1117,5,18.99,14.07
2311,2308,1136,5,28.94,21.44
2312,2309,1125,7,17.8,14.83
2313,2310,1132,6,16.77,12.9
2314,2311,1149,7,42.0,33.6
2315,2312,1129,8,24.54,20.45
2316,2313,1140,8,33.55,27.96
2317,2314,1105,8,3.55,2.96
2318,2315,1134,1,31.26,20.17
2319,2316,1135,4,44.21,31.58
2320,2317,1129,9,23.52,20.45
2321,2318,1136,7,26.8,21.44
2322,2319,1100,12,2.1,2.0
2323,2320,1120,6,10.53,8.1
2324,2321,1119,23,21.14,20.13
2325,2322,1149,5,45.36,33.6
2326,2323,1126,7,10.36,8.29
2327,2324,1138,11,32.74,31.18
2328,2325,1101,4,3.39,2.42
2329,2326,1148,18,3.14,2.99
2330,2327,1148,4,4.19,2.99
2331,2328,1142,9,50.04,43.51
2332,2329,1106,12,3.97,3.78
2333,2330,1119,18,21.14,20.13
2334,2331,1125,8,17.8,14.83
2335,2332,1120,3,11.75,8.1
2336,2333,1132,1,20.0,12.9
2337,2334,1122,8,15.8,13.17
2338,2335,1103,10,4.41,4.01
2339,2336,1132,10,14.19,12.9
2340,2337,1134,22,21.18,20.17
2341,2338,1110,2,13.41,8.94
2342,2339,1100,31,2.1,2.0
2343,2340,1125,1,17.8,14.83
2344,2341,1112,11,5.06,4.82
2345,2342,1132,4,18.06,12.9
2346,2343,1125,4,17.8,14.83
2347,2344,1115,9,7.73,6.72
2348,2345,1140,9,32.15,27.96
2349,2346,1137,11,2.21,2.1
2350,2347,1110,7,11.17,8.94
2351,2348,1122,9,15.15,13.17
2352,2349,1142,8,52.21,43.51
2353,2350,1108,5,3.42,2.53
2354,2351,1127,11,13.24,12.61
2355,2352,1148,10,3.29,2.99
2356,2353,1119,16,21.14,20.13
2357,2354,1103,1,6.22,4.01
2358,2355,1141,10,31.62,28.75
2359,2356,1138,1,48.33,31.18
2360,2357,1112,3,6.99,4.82
2361,2358,1141,12,30.19,28.75
2362,2359,1132,8,15.48,12.9
2363,2360,1125,7,17.8,14.83
2364,2361,1136,3,31.09,21.44
2365,2362,1143,2,19.75,13.17
2366,2363,1112,1,7.47,4.82
2367,2364,1121,1,14.83,9.57
2368,2365,1132,9,14.84,12.9
2369,2366,1122,5,17.78,13.17
2370,2367,1117,16,14.77,14.07
2371,2368,1138,3,45.21,31.18
2372,2369,1101,4,3.39,2.42
2373,2370,1120,1,12.55,8.1
2374,2371,1129,5,27.61,20.45
2375,2372,1121,10,10.53,9.57
2376,2373,1136,8,25.73,21.44
2377,2374,1112,11,5.06,4.82
2378,2375,1103,11,4.21,4.01
2379,2376,1135,6,41.05,31.58
2380,2377,1148,15,3.14,2.99
2381,2378,1105,7,3.7,2.96
2382,2379,1144,6,4.93,3.79
2383,2380,1110,2,13.41,8.94
2384,2381,1120,4,11.34,8.1
2385,2382,1105,5,4.0,2.96
2386,2383,1111,3,8.37,5.77
2387,2384,1140,4,39.14,27.96
2388,2385,1103,6,5.21,4.01
2389,2386,1103,10,4.41,4.01
2390,2387,1108,1,3.92,2.53
2391,2388,1120,10,8.91,8.1
2392,2389,1115,9,7.73,6.72
2393,2390,1117,11,14.77,14.07
2394,2391,1146,16,26.88,25.6
2395,2392,1147,22,5.52,5.26
2396,2393,1137,16,2.21,2.1
2397,2394,1121,7,11.96,9.57
2398,2395,1145,5,30.21,22.38
2399,2396,1125,3,17.8,14.83
2400,2397,1141,6,37.38,28.75
2401,2398,1135,2,47.37,31.58
2402,2399,1146,16,26.88,25.6
2403,2400,1116,13,15.32,14.59
2404,2401,1141,4,40.25,28.75
2405,2402,1122,4,18.44,13.17
2406,2403,1147,19,5.52,5.26
2407,2404,1125,9,17.8,14.83
2408,2405,1146,7,32.0,25.6
2409,2406,1137,2,3.15,2.1
2410,2407,1130,3,41.17,28.39
2411,2408,1127,1,19.55,12.61
2412,2409,1110,6,11.62,8.94
2413,2410,1110,2,13.41,8.94
2414,2411,1146,16,26.88,25.6
2415,2412,1134,12,21.18,20.17
2416,2413,1146,11,26.88,25.6
2417,2414,1137,5,2.83,2.1
2418,2415,1148,12,3.14,2.99
2419,2416,1136,6,27.87,21.44
2420,2417,1123,4,21.49,15.35
2421,2418,1109,13,11.26,10.72
2422,2419,1136,1,33.23,21.44
2423,2420,1126,5,11.19,8.29
2424,2421,1112,12,5.06,4.82
2425,2422,1110,7,11.17,8.94
2426,2423,1131,7,21.44,17.15
2427,2424,1148,9,3.44,2.99
2428,2425,1123,12,16.12,15.35
2429,2426,1120,4,11.34,8.1
2430,2427,1105,10,3.26,2.96
2431,2428,1136,3,31.09,21.44
2432,2429,1142,1,67.44,43.51
2433,2430,1129,6,26.59,20.45
2434,2431,1122,6,17.12,13.17
2435,2432,1120,9,9.31,8.1
2436,2433,1143,3,19.1,13.17
2437,2434,1110,4,12.52,8.94
2438,2435,1136,4,30.02,21.44
2439,2436,1138,5,42.09,31.18
2440,2437,1148,16,3.14,2.99
2441,2438,1148,15,3.14,2.99
2442,2439,1137,15,2.21,2.1
2443,2440,1134,21,21.18,20.17
2444,2441,1103,6,5.21,4.01
2445,2442,1121,12,10.05,9.57
2446,2443,1123,10,16.88,15.35
2447,2444,1103,6,5.21,4.01
2448,2445,1149,3,48.72,33.6
2449,2446,1124,14,10.41,9.91
2450,2447,1136,5,28.94,21.44
2451,2448,1134,4,28.24,20.17
2452,2449,1148,11,3.14,2.99
2453,2450,1137,10,2.31,2.1
2454,2451,1115,3,9.74,6.72
2455,2452,1133,2,24.59,16.39
2456,2453,1112,17,5.06,4.82
2457,2454,1138,2,46.77,31.18
2458,2455,1132,8,15.48,12.9
2459,2456,1126,3,12.02,8.29
2460,2457,1113,7,16.0,12.8
2461,2458,1134,8,24.2,20.17
2462,2459,1127,17,13.24,12.61
2463,2460,1140,4,39.14,27.96
2464,2461,1126,2,12.43,8.29
2465,2462,1130,18,29.81,28.39
2466,2463,1132,4,18.06,12.9
2467,2464,1101,6,3.15,2.42
2468,2465,1123,10,16.88,15.35
2469,2466,1138,6,40.53,31.18
2470,2467,1101,11,2.54,2.42
2471,2468,1135,8,37.9,31.58
2472,2469,1125,3,17.8,14.83
2473,2470,1125,4,17.8,14.83
2474,2471,1130,9,32.65,28.39
2475,2472,1132,6,16.77,12.9
2476,2473,1103,4,5.61,4.01
2477,2474,1131,1,26.58,17.15
2478,2475,1139,2,37.5,25.0
2479,2476,1125,1,17.8,14.83
2480,2477,1131,9,19.72,17.15
2481,2478,1113,1,19.84,12.8
2482,2479,1133,10,18.03,16.39
2483,2480,1135,5,42.63,31.58
2484,2481,1120,5,10.93,8.1
2485,2482,1130,12,29.81,28.39
2486,2483,1134,11,21.18,20.17
2487,2484,1103,5,5.41,4.01
2488,2485,1142,7,54.39,43.51
2489,2486,1131,16,18.01,17.15
2490,2487,1120,7,10.12,8.1
2491,2488,1117,15,14.77,14.07
2492,2489,1113,1,19.84,12.8
2493,2490,1112,11,5.06,4.82
2494,2491,1147,23,5.52,5.26
2495,2492,1128,20,13.9,13.24
2496,2493,1113,3,18.56,12.8
2497,2494,1105,4,4.14,2.96
2498,2495,1123,7,19.19,15.35
2499,2496,1126,1,12.85,8.29
2500,2497,1125,7,17.8,14.83
2501,2498,1140,4,39.14,27.96
2502,2499,1143,5,17.78,13.17
2503,2500,1126,5,11.19,8.29
2504,2501,1131,18,18.01,17.15
2505,2502,1115,2,10.08,6.72
2506,2503,1124,13,10.41,9.91
2507,2504,1149,3,48.72,33.6
2508,2505,1129,1,31.7,20.45
2509,2506,1103,1,6.22,4.01
2510,2507,1133,4,22.95,16.39
2511,2508,1124,1,15.36,9.91
2512,2509,1130,1,44.0,28.39
2513,2510,1137,14,2.21,2.1
2514,2511,1141,8,34.5,28.75
2515,2512,1113,11,13.44,12.8
2516,2513,1132,8,15.48,12.9
2517,2514,1135,6,41.05,31.58
2518,2515,1125,5,17.8,14.83
2519,2516,1110,9,10.28,8.94
2520,2517,1103,10,4.41,4.01
2521,2518,1139,1,38.75,25.0
2522,2519,1120,3,11.75,8.1
2523,2520,1132,2,19.35,12.9
2524,2521,1119,1,31.2,20.13
2525,2522,1136,1,33.23,21.44
2526,2523,1105,1,4.59,2.96
2527,2524,1148,17,3.14,2.99
2528,2525,1131,9,19.72,17.15
2529,2526,1137,20,2.21,2.1
2530,2527,1134,22,21.18,20.17
2531,2528,1144,23,3.98,3.79
2532,2529,1101,4,3.39,2.42
2533,2530,1134,8,24.2,20.17
2534,2531,1145,12,23.5,22.38
2535,2532,1125,6,17.8,14.83
2536,2533,1112,7,6.03,4.82
2537,2534,1143,8,15.8,13.17
2538,2535,1149,2,50.4,33.6
2539,2536,1116,2,21.88,14.59
2540,2537,1117,1,21.81,14.07
2541,2538,1122,2,19.75,13.17
2542,2539,1121,6,12.44,9.57
2543,2540,1138,12,32.74,31.18
2544,2541,1137,18,2.21,2.1
2545,2542,1113,3,18.56,12.8
2546,2543,1103,10,4.41,4.01
2547,2544,1121,14,10.05,9.57
2548,2545,1148,8,3.59,2.99
2549,2546,1133,7,20.49,16.39
2550,2547,1123,12,16.12,15.35
2551,2548,1138,4,43.65,31.18
2552,2549,1109,20,11.26,10.72
2553,2550,1124,1,15.36,9.91
2554,2551,1109,13,11.26,10.72
2555,2552,1142,10,47.86,43.51
2556,2553,1131,14,18.01,17.15
2557,2554,1105,6,3.85,2.96
2558,2555,1117,16,14.77,14.07
2559,2556,1139,10,27.5,25.0
2560,2557,1115,11,7.06,6.72
2561,2558,1137,9,2.42,2.1
2562,2559,1103,7,5.01,4.01
2563,2560,1105,4,4.14,2.96
2564,2561,1117,6,18.29,14.07
2565,2562,1126,10,9.12,8.29
2566,2563,1124,15,10.41,9.91
2567,2564,1128,12,13.9,13.24
2568,2565,1107,9,3.44,2.99
2569,2566,1100,4,2.8,2.0
2570,2567,1146,8,30.72,25.6
2571,2568,1132,3,18.7,12.9
2572,2569,1137,15,2.21,2.1
